City_ID,City,Country,Date,Lat,Lng,Max Temp,Humidity,Cloudiness,Wind Speed
0,Albany,US,2020-11-01 00:14:32,42.6,-73.97,34.0,83,0,5.37
1,Faanui,PF,2020-11-01 00:14:42,-16.48,-151.75,79.57,73,0,19.39
2,New Norfolk,AU,2020-11-01 00:20:40,-42.78,147.06,64.0,58,21,1.01
3,Chunoyar,RU,2020-11-01 00:22:56,57.45,97.32,12.51,92,0,2.95
4,San Patricio,US,2020-11-01 00:21:13,28.02,-97.52,71.6,60,20,11.41
5,Marrakesh,MA,2020-11-01 00:21:48,31.63,-8.01,64.4,52,0,3.36
6,Busselton,AU,2020-11-01 00:17:26,-33.65,115.33,60.01,79,100,1.34
7,Rikitea,PF,2020-11-01 00:15:59,-23.12,-134.97,75.96,66,0,6.31
8,Havre-Saint-Pierre,CA,2020-11-01 00:17:48,50.23,-63.6,26.6,68,1,9.17
9,Arraial Do Cabo,BR,2020-11-01 00:17:46,-22.97,-42.03,71.11,82,92,17.96
10,Vaini,TO,2020-11-01 00:17:29,-21.2,-175.2,77.0,83,75,11.41
11,Cape Town,ZA,2020-11-01 00:17:40,-33.93,18.42,59.0,58,0,14.99
12,Ostrov,RU,2020-11-01 00:22:56,57.34,28.35,44.6,87,0,2.24
13,Atuona,PF,2020-11-01 00:17:32,-9.8,-139.03,78.4,75,10,16.35
14,Narsaq,GL,2020-11-01 00:17:33,60.92,-46.05,24.8,79,98,0.85
15,Tasiilaq,GL,2020-11-01 00:14:59,65.61,-37.64,32.0,93,100,16.11
16,Iqaluit,CA,2020-11-01 00:16:24,63.75,-68.51,6.8,84,40,6.93
17,Misratah,LY,2020-11-01 00:17:42,32.38,15.09,69.8,66,48,10.69
18,Punta Arenas,CL,2020-11-01 00:20:26,-53.15,-70.92,55.4,62,40,12.75
19,Ushuaia,AR,2020-11-01 00:17:23,-54.8,-68.3,48.2,93,75,9.17
20,Hilo,US,2020-11-01 00:17:45,19.73,-155.09,86.0,62,40,10.29
21,Comodoro Rivadavia,AR,2020-11-01 00:16:39,-45.87,-67.5,64.4,59,0,4.7
22,Flagstaff,US,2020-11-01 00:22:57,35.2,-111.65,59.0,22,1,6.93
23,Carnarvon,AU,2020-11-01 00:17:46,-24.87,113.63,71.6,68,90,17.22
24,Mersing,MY,2020-11-01 00:22:57,2.43,103.84,73.4,100,88,4.7
25,Egvekinot,RU,2020-11-01 00:14:56,66.32,-179.17,14.77,83,2,2.77
26,Bluff,NZ,2020-11-01 00:17:27,-46.6,168.33,57.0,74,96,8.01
27,East London,ZA,2020-11-01 00:20:47,-33.02,27.91,64.92,73,92,10.76
28,Mataura,NZ,2020-11-01 00:17:23,-46.19,168.86,57.0,74,50,8.01
29,Vao,NC,2020-11-01 00:18:28,-22.67,167.48,73.9,82,3,15.32
30,Makakilo City,US,2020-11-01 00:22:43,21.35,-158.09,86.0,58,75,12.75
31,Yar-Sale,RU,2020-11-01 00:18:11,66.83,70.83,25.88,97,16,10.69
32,Belaya Gora,RU,2020-11-01 00:21:36,68.53,146.42,-4.72,91,100,4.27
33,Cidreira,BR,2020-11-01 00:17:44,-30.18,-50.21,62.37,76,30,8.21
34,Baykit,RU,2020-11-01 00:20:55,61.67,96.37,0.63,89,70,3.4
35,Hobyo,SO,2020-11-01 00:17:49,5.35,48.53,80.38,79,100,4.85
36,Chumikan,RU,2020-11-01 00:18:01,54.72,135.31,32.54,96,100,29.12
37,Pasco,US,2020-11-01 00:22:58,28.29,-82.42,78.01,80,85,8.46
38,Port Alfred,ZA,2020-11-01 00:20:30,-33.59,26.89,61.34,81,52,10.63
39,Poros,GR,2020-11-01 00:22:58,37.5,23.45,63.0,56,0,1.99
40,Tuatapere,NZ,2020-11-01 00:18:11,-46.13,167.68,57.0,74,71,8.01
41,Hermanus,ZA,2020-11-01 00:17:31,-34.42,19.23,57.0,82,0,5.01
42,Esperance,AU,2020-11-01 00:17:39,-33.87,121.9,66.2,82,99,10.29
43,Ostrovnoy,RU,2020-11-01 00:20:45,68.05,39.51,27.79,95,91,18.12
44,Ponta Do Sol,PT,2020-11-01 00:20:32,32.67,-17.1,72.0,64,20,6.93
45,Hobart,AU,2020-11-01 00:17:25,-42.88,147.33,64.0,67,75,10.29
46,Inhambane,MZ,2020-11-01 00:20:29,-23.86,35.38,71.78,74,34,11.39
47,Bredasdorp,ZA,2020-11-01 00:17:27,-34.53,20.04,48.2,93,0,3.36
48,Chokurdakh,RU,2020-11-01 00:17:42,70.63,147.92,-8.9,91,85,7.85
49,Bambous Virieux,MU,2020-11-01 00:21:12,-20.34,57.76,66.2,82,40,11.41
50,Barrow,US,2020-11-01 00:17:10,71.29,-156.79,24.8,68,75,9.17
51,Mehamn,NO,2020-11-01 00:17:38,71.04,27.85,37.17,81,84,14.2
52,Castro,BR,2020-11-01 00:17:43,-24.79,-50.01,52.9,92,77,7.25
53,Chicla,PE,2020-11-01 00:17:25,-11.71,-76.27,42.8,71,100,3.4
54,Thompson,CA,2020-11-01 00:17:26,55.74,-97.86,15.8,72,75,5.82
55,Brae,GB,2020-11-01 00:18:03,60.4,-1.35,50.0,81,98,44.96
56,Kendari,ID,2020-11-01 00:18:56,-3.94,122.5,80.6,78,100,1.83
57,Coihaique,CL,2020-11-01 00:17:52,-45.58,-72.07,71.6,33,0,5.82
58,Qaanaaq,GL,2020-11-01 00:17:24,77.48,-69.36,6.35,82,49,5.77
59,Mackay,AU,2020-11-01 00:21:13,-21.15,149.2,88.0,58,0,11.41
60,Norwich,GB,2020-11-01 00:23:00,52.63,1.3,51.01,87,74,11.41
61,Alofi,NU,2020-11-01 00:19:04,-19.06,-169.92,78.8,88,54,18.34
62,Jamestown,US,2020-11-01 00:16:33,42.1,-79.24,39.99,69,1,8.05
63,Havoysund,NO,2020-11-01 00:21:26,71.0,24.66,39.2,69,34,18.34
64,Port Elizabeth,ZA,2020-11-01 00:20:40,-33.92,25.57,64.4,88,75,8.05
65,Preston,GB,2020-11-01 00:23:01,53.77,-2.72,51.01,83,88,1.99
66,Jeumont,FR,2020-11-01 00:23:01,50.3,4.1,52.0,46,100,9.33
67,Avarua,CK,2020-11-01 00:17:35,-21.21,-159.78,75.2,83,99,12.75
68,Lagoa,PT,2020-11-01 00:17:25,39.05,-27.98,68.38,93,64,24.2
69,Puerto Ayora,EC,2020-11-01 00:15:57,-0.74,-90.35,70.0,93,95,7.0
70,Coronado,US,2020-11-01 00:22:39,32.69,-117.18,75.2,49,75,5.82
71,Tuktoyaktuk,CA,2020-11-01 00:17:51,69.45,-133.04,-2.2,84,75,5.82
72,Dikson,RU,2020-11-01 00:17:49,73.51,80.55,18.36,98,100,7.0
73,Anqing,CN,2020-11-01 00:23:01,30.51,117.05,61.18,77,98,1.68
74,Myitkyina,MM,2020-11-01 00:19:51,25.38,97.4,70.07,96,96,2.57
75,Chifeng,CN,2020-11-01 00:23:02,42.27,118.96,36.99,60,0,9.04
76,Caravelas,BR,2020-11-01 00:17:41,-17.71,-39.25,72.43,96,100,4.0
77,Bonthe,SL,2020-11-01 00:22:48,7.53,-12.51,78.55,83,0,3.49
78,Mahebourg,MU,2020-11-01 00:17:47,-20.41,57.7,66.2,82,40,11.41
79,Saint-Pierre,RE,2020-11-01 00:17:28,-21.34,55.48,66.2,59,0,9.17
80,Haines Junction,CA,2020-11-01 00:21:25,60.75,-137.51,12.2,72,100,5.82
81,Butaritari,KI,2020-11-01 00:17:28,3.07,172.79,81.77,75,99,14.99
82,Bara,NG,2020-11-01 00:23:02,10.37,10.73,75.16,31,28,4.99
83,Yambio,SS,2020-11-01 00:23:02,4.57,28.4,68.07,96,96,1.16
84,Gafargaon,BD,2020-11-01 00:23:02,24.43,90.57,78.8,78,75,3.36
85,Moose Factory,CA,2020-11-01 00:23:02,51.26,-80.61,37.4,74,90,18.34
86,Flinders,AU,2020-11-01 00:16:08,-34.58,150.86,62.01,88,90,8.99
87,Vestmannaeyjar,IS,2020-11-01 00:17:51,63.44,-20.27,42.03,70,5,5.08
88,Williams Lake,CA,2020-11-01 00:21:31,52.14,-122.14,37.4,70,75,6.93
89,Trat,TH,2020-11-01 00:19:08,12.5,102.5,75.9,90,79,6.13
90,Belmonte,BR,2020-11-01 00:22:44,-15.86,-38.88,77.0,83,20,6.93
91,Ust-Nera,RU,2020-11-01 00:21:26,64.57,143.2,-5.93,81,95,4.32
92,Matara,LK,2020-11-01 00:16:40,5.95,80.54,76.46,88,47,6.11
93,Ribeira Grande,PT,2020-11-01 00:17:42,38.52,-28.7,68.99,93,67,21.03
94,Longyearbyen,SJ,2020-11-01 00:16:54,78.22,15.64,24.8,73,40,12.75
95,Fortuna,US,2020-11-01 00:13:57,40.6,-124.16,60.01,93,90,10.29
96,Codrington,AU,2020-11-01 00:17:51,-38.27,141.97,58.75,75,22,6.78
97,Cabedelo,BR,2020-11-01 00:17:40,-6.98,-34.83,78.8,83,20,8.05
98,Pevek,RU,2020-11-01 00:17:56,69.7,170.31,14.79,95,58,12.1
99,Asau,RO,2020-11-01 00:18:02,46.43,26.4,46.4,87,75,18.34
100,Saint-Philippe,RE,2020-11-01 00:17:35,-21.36,55.77,66.2,59,0,9.17
101,Itarema,BR,2020-11-01 00:17:35,-2.92,-39.92,79.34,84,88,13.11
102,Vostok,RU,2020-11-01 00:18:22,46.49,135.88,41.0,86,82,6.02
103,Nikolskoye,RU,2020-11-01 00:17:43,59.7,30.79,33.01,100,18,2.24
104,Methoni,GR,2020-11-01 00:23:04,36.82,21.7,61.0,87,0,9.46
105,Acajutla,SV,2020-11-01 00:17:06,13.59,-89.83,80.65,76,66,0.94
106,Tautira,PF,2020-11-01 00:22:35,-17.73,-149.15,84.2,62,75,10.29
107,Chippewa Falls,US,2020-11-01 00:23:04,44.94,-91.39,50.0,53,75,18.34
108,Cabo San Lucas,MX,2020-11-01 00:17:42,22.89,-109.91,82.0,69,20,5.82
109,Da Nang,VN,2020-11-01 00:23:05,16.07,108.22,78.8,83,40,5.82
110,Leningradskiy,RU,2020-11-01 00:17:29,69.38,178.42,17.02,89,53,7.67
111,Bethel,US,2020-11-01 00:16:11,41.37,-73.41,36.0,74,1,4.7
112,Saint-Louis,SN,2020-11-01 00:23:05,16.33,-15.0,78.8,47,0,6.64
113,Kapaa,US,2020-11-01 00:17:09,22.08,-159.32,82.4,69,75,6.93
114,Dossor,KZ,2020-11-01 00:23:05,47.53,52.98,46.9,60,62,11.83
115,Kushmurun,KZ,2020-11-01 00:23:05,52.45,64.63,38.46,74,97,10.42
116,Sur,OM,2020-11-01 00:17:59,22.57,59.53,68.74,56,0,1.86
117,Chuy,UY,2020-11-01 00:16:32,-33.7,-53.46,53.83,83,4,4.94
118,Bourail,NC,2020-11-01 00:20:24,-21.57,165.48,84.25,47,0,8.12
119,Airai,TL,2020-11-01 00:17:38,-8.93,125.41,72.77,41,39,2.39
120,Torbay,CA,2020-11-01 00:17:50,47.67,-52.73,34.0,85,75,20.8
121,Tiksi,RU,2020-11-01 00:17:24,71.69,128.87,0.3,92,98,6.38
122,Gizo,SB,2020-11-01 00:18:13,-8.1,156.84,85.1,67,27,3.58
123,Mporokoso,ZM,2020-11-01 00:23:06,-9.37,30.12,63.9,62,6,5.41
124,Los Llanos De Aridane,ES,2020-11-01 00:20:24,28.66,-17.92,82.4,21,0,13.87
125,Port Macquarie,AU,2020-11-01 00:18:27,-31.43,152.92,78.01,42,0,3.0
126,Lingao,CN,2020-11-01 00:18:28,19.91,109.69,73.58,81,32,9.51
127,Ruteng,ID,2020-11-01 00:18:02,-8.61,120.47,71.73,73,79,2.06
128,Gimli,CA,2020-11-01 00:22:33,50.63,-96.99,26.6,79,100,20.8
129,Lorengau,PG,2020-11-01 00:14:51,-2.02,147.27,85.39,71,37,8.97
130,Tabou,CI,2020-11-01 00:17:54,4.42,-7.35,77.77,88,95,7.11
131,Kavieng,PG,2020-11-01 00:17:36,-2.57,150.8,85.39,72,2,10.18
132,Saskylakh,RU,2020-11-01 00:16:03,71.92,114.08,-5.44,86,1,7.65
133,Saint Anthony,US,2020-11-01 00:17:05,45.02,-93.22,46.4,45,40,26.4
134,Yellowknife,CA,2020-11-01 00:17:24,62.46,-114.35,21.99,100,90,10.29
135,Dukat,RU,2020-11-01 00:23:07,62.55,155.55,15.44,96,100,5.46
136,Ilulissat,GL,2020-11-01 00:17:39,69.22,-51.1,21.2,73,100,10.29
137,Pangkalanbuun,ID,2020-11-01 00:18:09,-2.68,111.62,78.64,88,52,0.6
138,Geraldton,AU,2020-11-01 00:17:51,-28.77,114.6,62.6,88,75,17.22
139,Tubuala,PA,2020-11-01 00:23:07,9.52,-79.03,77.0,88,40,4.7
140,Markova,UA,2020-11-01 00:19:08,48.68,24.41,38.3,91,85,4.41
141,Katsuura,JP,2020-11-01 00:14:58,35.13,140.3,60.01,67,75,9.17
142,Falavarjan,IR,2020-11-01 00:23:07,32.56,51.51,33.8,37,0,4.7
143,Bereda,ES,2020-11-01 00:18:23,43.27,-7.54,63.0,88,100,15.01
144,Nhulunbuy,AU,2020-11-01 00:18:19,-12.23,136.77,86.0,62,75,12.75
145,Ontario,US,2020-11-01 00:15:04,34.06,-117.65,84.2,13,75,10.29
146,Xifeng,CN,2020-11-01 00:23:08,42.74,124.72,39.74,66,1,8.52
147,Neiafu,TO,2020-11-01 00:20:56,-18.65,-173.98,77.0,88,75,9.17
148,Sakakah,SA,2020-11-01 00:15:33,29.97,40.21,71.6,13,0,3.36
149,Rawson,AR,2020-11-01 00:16:06,-43.3,-65.1,73.17,21,1,21.7
150,Upernavik,GL,2020-11-01 00:17:31,72.79,-56.15,16.0,95,96,13.56
151,Coquimbo,CL,2020-11-01 00:17:54,-29.95,-71.34,55.4,82,75,9.17
152,Severo-Kurilsk,RU,2020-11-01 00:17:29,50.68,156.12,43.54,76,74,16.78
153,Kijang,KR,2020-11-01 00:20:57,35.24,129.21,53.6,81,0,2.24
154,Bam,IR,2020-11-01 00:16:25,29.11,58.36,54.52,37,0,4.63
155,Berlevag,NO,2020-11-01 00:18:29,70.86,29.09,37.9,81,100,17.02
156,Jingdezhen,CN,2020-11-01 00:20:31,29.29,117.21,60.4,86,100,2.57
157,Ancud,CL,2020-11-01 00:17:34,-41.87,-73.82,62.6,55,0,6.93
158,Aklavik,CA,2020-11-01 00:17:54,68.22,-135.01,-0.4,84,20,2.64
159,Kahului,US,2020-11-01 00:17:55,20.89,-156.47,89.6,43,20,11.41
160,Nemuro,JP,2020-11-01 00:16:31,43.32,145.57,51.8,76,75,5.82
161,Fayaoue,NC,2020-11-01 00:23:09,-20.65,166.53,77.13,80,17,15.59
162,Hohhot,CN,2020-11-01 00:23:09,40.81,111.65,23.0,67,0,4.47
163,Georgetown,MY,2020-11-01 00:17:27,5.41,100.34,77.0,94,40,8.05
164,Zharkent,KZ,2020-11-01 00:23:09,44.16,80.0,35.98,77,0,0.96
165,Kaitangata,NZ,2020-11-01 00:17:42,-46.28,169.85,60.01,57,81,13.0
166,General Pico,AR,2020-11-01 00:23:10,-35.66,-63.76,60.85,54,0,9.69
167,Victoria,HK,2020-11-01 00:15:04,22.29,114.16,73.99,77,86,1.01
168,Souillac,MU,2020-11-01 00:18:00,-20.52,57.52,66.2,82,40,11.41
169,Luderitz,NA,2020-11-01 00:21:36,-26.65,15.16,63.21,50,14,20.67
170,Khatanga,RU,2020-11-01 00:17:26,71.97,102.5,-5.94,87,47,8.93
171,Fort Nelson,CA,2020-11-01 00:21:21,58.81,-122.7,26.6,92,75,4.7
172,Ngunguru,NZ,2020-11-01 00:22:34,-35.62,174.5,77.0,61,47,7.0
173,Carpentras,FR,2020-11-01 00:23:10,44.08,5.17,57.2,93,90,3.27
174,Sherbakul,RU,2020-11-01 00:23:10,54.63,72.4,32.0,85,0,6.71
175,Mar Del Plata,AR,2020-11-01 00:19:57,-38.0,-57.56,60.01,71,0,5.82
176,Winona,US,2020-11-01 00:23:11,43.97,-91.77,53.01,53,74,5.01
177,Safakulevo,RU,2020-11-01 00:23:11,54.99,62.54,35.53,85,100,7.65
178,Atar,MR,2020-11-01 00:17:41,20.52,-13.05,84.16,16,23,8.5
179,Tadine,NC,2020-11-01 00:21:59,-21.55,167.88,78.73,67,54,15.35
180,Villablino,ES,2020-11-01 00:21:32,42.94,-6.32,55.99,99,94,1.01
181,Melilla,ES,2020-11-01 00:23:11,35.29,-2.94,60.8,87,40,3.36
182,Saldanha,ZA,2020-11-01 00:17:45,-33.01,17.94,57.2,62,0,6.93
183,Sistranda,NO,2020-11-01 00:21:33,63.73,8.83,50.0,57,0,32.21
184,Quebo,GW,2020-11-01 00:23:11,11.33,-14.93,75.76,82,15,1.97
185,Marsh Harbour,BS,2020-11-01 00:16:18,26.54,-77.06,79.63,83,14,19.55
186,Shahgarh,IN,2020-11-01 00:23:11,24.32,79.13,64.36,28,0,3.18
187,Batagay-Alyta,RU,2020-11-01 00:16:02,67.8,130.41,0.7,92,100,0.83
188,Manaus,BR,2020-11-01 00:23:12,-3.1,-60.02,84.2,79,20,2.24
189,Podor,MR,2020-11-01 00:23:12,16.65,-14.96,78.8,47,0,7.61
190,Ixtapa,MX,2020-11-01 00:18:29,20.7,-105.2,84.2,74,75,8.05
191,Sao Joao Da Barra,BR,2020-11-01 00:20:45,-21.64,-41.05,70.52,89,100,12.88
192,Batagay,RU,2020-11-01 00:21:17,67.63,134.63,-11.54,88,91,3.31
193,Martinsville,US,2020-11-01 00:23:12,36.69,-79.87,45.0,93,1,1.7
194,Naze,JP,2020-11-01 00:16:34,28.37,129.48,75.2,88,75,10.29
195,Marsa Matruh,EG,2020-11-01 00:19:56,31.35,27.25,70.79,69,49,7.11
196,Samarai,PG,2020-11-01 00:19:39,-10.62,150.67,82.36,78,99,8.97
197,Shahr-E Kord,IR,2020-11-01 00:23:12,32.33,50.86,33.8,29,0,4.7
198,Danane,CI,2020-11-01 00:23:12,7.26,-8.15,70.34,95,48,0.81
199,Berdigestyakh,RU,2020-11-01 00:23:12,62.1,126.7,-10.53,88,11,3.02
200,Iralaya,HN,2020-11-01 00:22:48,15.0,-83.23,80.29,85,100,12.91
201,Santa Maria,BR,2020-11-01 00:23:13,-29.68,-53.81,66.2,59,0,9.17
202,Komsomolskiy,UZ,2020-11-01 00:16:42,40.43,71.72,42.8,35,53,6.93
203,Linkuva,LT,2020-11-01 00:23:13,56.09,23.97,46.4,87,90,4.7
204,Nanortalik,GL,2020-11-01 00:17:41,60.14,-45.24,28.67,89,55,21.45
205,Koslan,RU,2020-11-01 00:20:06,63.46,48.9,30.83,97,62,6.24
206,Mayo,US,2020-11-01 00:12:42,38.89,-76.51,48.0,70,75,5.82
207,Pingliang,CN,2020-11-01 00:20:53,35.54,106.69,43.05,56,83,7.49
208,Makasar,ID,2020-11-01 00:20:50,-5.14,119.42,82.99,65,96,2.39
209,Alice Springs,AU,2020-11-01 00:20:08,-23.7,133.88,77.0,20,42,12.75
210,Leon Valley,US,2020-11-01 00:23:13,29.5,-98.62,71.6,37,1,5.82
211,Sitka,US,2020-11-01 00:17:51,57.05,-135.33,51.8,87,90,16.11
212,Dawson Creek,CA,2020-11-01 00:22:10,55.77,-120.24,41.0,56,1,25.28
213,Bitung,ID,2020-11-01 00:22:05,1.45,125.18,82.4,83,20,1.12
214,Meulaboh,ID,2020-11-01 00:18:01,4.14,96.13,78.15,81,100,4.85
215,San Antonio,US,2020-11-01 00:19:52,29.42,-98.49,71.6,35,1,3.36
216,Warkworth,NZ,2020-11-01 00:23:14,-36.4,174.67,70.0,78,37,5.01
217,Praia Da Vitoria,PT,2020-11-01 00:22:41,38.73,-27.07,71.6,88,75,15.73
218,Kodiak,US,2020-11-01 00:14:55,57.79,-152.41,37.4,40,1,14.99
219,Vila Velha,BR,2020-11-01 00:18:02,-20.33,-40.29,69.8,88,90,8.05
220,Ucluelet,CA,2020-11-01 00:13:58,48.93,-125.55,51.8,71,20,6.93
221,Fairbanks,US,2020-11-01 00:20:58,64.84,-147.72,10.0,71,90,2.08
222,Isangel,VU,2020-11-01 00:17:24,-19.55,169.27,80.31,70,92,14.54
223,Roald,NO,2020-11-01 00:21:31,62.58,6.13,57.2,50,66,14.99
224,Yerbogachen,RU,2020-11-01 00:17:37,61.28,108.01,0.25,92,0,1.68
225,Kerrville,US,2020-11-01 00:22:06,30.05,-99.14,68.0,39,1,3.36
226,Powell River,CA,2020-11-01 00:23:15,49.85,-124.54,50.0,81,75,2.24
227,Hasaki,JP,2020-11-01 00:17:33,35.73,140.83,57.0,81,40,6.93
228,Sterling,US,2020-11-01 00:18:12,39.01,-77.43,46.99,70,90,5.82
229,Ambulu,ID,2020-11-01 00:21:34,-8.35,113.61,79.59,71,96,1.72
230,Saint George,US,2020-11-01 00:18:35,37.1,-113.58,75.2,13,1,0.98
231,Husavik,IS,2020-11-01 00:16:18,66.04,-17.34,37.4,75,90,4.18
232,Leh,IN,2020-11-01 00:18:09,34.17,77.58,27.1,74,9,1.1
233,Hithadhoo,MV,2020-11-01 00:17:33,-0.6,73.08,83.88,69,100,8.95
234,Kupang,ID,2020-11-01 00:22:18,-10.17,123.58,87.44,49,63,1.59
235,Nakasongola,UG,2020-11-01 00:23:15,1.31,32.46,63.41,94,86,1.54
236,Phan Thiet,VN,2020-11-01 00:23:16,10.93,108.1,77.88,84,100,4.05
237,Alamosa,US,2020-11-01 00:21:00,37.47,-105.87,51.8,43,1,5.82
238,Vanimo,PG,2020-11-01 00:18:28,-2.67,141.3,86.18,62,64,6.15
239,Kilinochchi,LK,2020-11-01 00:23:16,9.4,80.4,75.51,79,78,4.21
240,Terracina,IT,2020-11-01 00:23:16,41.29,13.22,55.99,95,38,8.46
241,Nome,US,2020-11-01 00:17:46,64.5,-165.41,28.99,73,20,8.05
242,Bolobo,CD,2020-11-01 00:23:16,-2.17,16.23,71.56,93,81,1.39
243,Nago,JP,2020-11-01 00:21:18,26.59,127.98,71.6,68,18,8.05
244,Palmer,US,2020-11-01 00:19:39,42.16,-72.33,30.2,92,1,3.36
245,Concordia,AR,2020-11-01 00:23:16,-31.39,-58.02,66.0,50,0,3.0
246,Olinda,BR,2020-11-01 00:20:31,-8.01,-34.86,82.4,74,75,9.17
247,Dingle,PH,2020-11-01 00:17:25,11.0,122.67,79.65,85,100,8.23
248,Beloha,MG,2020-11-01 00:21:32,-25.17,45.05,63.84,84,0,8.97
249,Port Hardy,CA,2020-11-01 00:20:09,50.7,-127.42,50.0,76,90,5.82
250,Saint Simons,US,2020-11-01 00:23:17,31.14,-81.39,73.4,88,90,14.99
251,Marondera,ZW,2020-11-01 00:23:17,-18.19,31.55,55.53,85,4,4.88
252,Hamilton,US,2020-11-01 00:15:19,39.18,-84.53,52.0,57,1,3.36
253,Yarmouth,US,2020-11-01 00:23:17,41.71,-70.23,44.01,92,1,6.53
254,Turtas,RU,2020-11-01 00:23:17,58.94,69.13,35.76,97,100,7.36
255,Touros,BR,2020-11-01 00:16:24,-5.2,-35.46,78.8,83,40,9.17
256,Lompoc,US,2020-11-01 00:14:52,34.64,-120.46,78.8,36,1,10.29
257,Port-Gentil,GA,2020-11-01 00:18:11,-0.72,8.78,78.8,94,40,11.41
258,Shache,CN,2020-11-01 00:18:18,38.42,77.24,32.54,89,0,3.22
259,North Bend,US,2020-11-01 00:21:33,43.41,-124.22,66.99,76,1,16.11
260,Brynmawr,GB,2020-11-01 00:23:18,51.8,-3.18,50.0,86,100,4.0
261,Faya,SA,2020-11-01 00:17:56,18.39,42.45,62.6,33,0,3.36
262,Axim,GH,2020-11-01 00:21:16,4.87,-2.24,78.21,87,51,5.08
263,Staryy Nadym,RU,2020-11-01 00:23:12,65.61,72.68,25.27,97,100,10.98
264,Pochutla,MX,2020-11-01 00:17:48,15.74,-96.47,84.2,70,40,3.83
265,Mitsamiouli,KM,2020-11-01 00:18:23,-11.38,43.28,76.86,79,100,6.33
266,Puerto Escondido,MX,2020-11-01 00:22:19,15.85,-97.07,86.0,62,40,2.51
267,Farah,AF,2020-11-01 00:23:18,32.5,62.5,39.61,67,0,2.93
268,Lasa,IT,2020-11-01 00:18:21,46.62,10.7,41.0,41,5,5.82
269,La Ronge,CA,2020-11-01 00:19:15,55.1,-105.28,17.6,85,41,2.24
270,Kuytun,RU,2020-11-01 00:23:19,54.34,101.5,13.55,88,5,6.35
271,Port Keats,AU,2020-11-01 00:23:19,-14.25,129.55,88.77,60,37,6.06
272,Malinovskiy,RU,2020-11-01 00:23:19,61.2,62.84,29.46,96,97,10.33
273,Jibuti,DJ,2020-11-01 00:23:19,11.5,42.5,84.2,62,20,5.82
274,Susanville,US,2020-11-01 00:19:56,40.42,-120.65,71.01,13,1,4.0
275,Provideniya,RU,2020-11-01 00:17:48,64.38,-173.3,23.5,87,37,5.06
276,Sobolevo,RU,2020-11-01 00:22:50,54.43,31.9,44.42,83,100,10.98
277,Kathmandu,NP,2020-11-01 00:22:24,27.72,85.32,57.2,87,20,3.36
278,Abu Dhabi,AE,2020-11-01 00:20:50,24.47,54.37,77.0,73,0,2.24
279,Arona,ES,2020-11-01 00:23:19,28.1,-16.68,75.2,44,0,13.87
280,Monteiro,BR,2020-11-01 00:23:19,-7.89,-37.12,75.72,68,82,14.67
281,Erenhot,CN,2020-11-01 00:18:15,43.65,111.98,29.1,76,25,8.48
282,Saint Stephen,GB,2020-11-01 00:23:20,50.33,-4.9,53.6,87,100,24.16
283,Makokou,GA,2020-11-01 00:22:54,0.57,12.86,69.08,98,100,2.17
284,Salalah,OM,2020-11-01 00:17:46,17.02,54.09,73.4,35,0,4.7
285,Tlapacoyan,MX,2020-11-01 00:23:20,19.97,-97.22,66.47,79,17,1.83
286,Antofagasta,CL,2020-11-01 00:21:14,-23.65,-70.4,60.8,77,75,12.75
287,Pisco,PE,2020-11-01 00:14:15,-13.7,-76.22,64.4,82,0,18.34
288,Shenkursk,RU,2020-11-01 00:23:20,62.11,42.9,29.77,97,0,1.05
289,Cockburn Town,TC,2020-11-01 00:21:29,21.46,-71.14,82.47,79,97,20.74
290,Nanchong,CN,2020-11-01 00:23:20,30.8,106.08,57.87,82,100,5.48
291,Yuanping,CN,2020-11-01 00:22:46,38.72,112.76,41.4,60,33,2.95
292,Macamic,CA,2020-11-01 00:23:20,48.75,-79.0,32.0,95,40,18.34
293,Ahipara,NZ,2020-11-01 00:18:15,-35.17,173.17,69.46,65,13,5.12
294,Norman Wells,CA,2020-11-01 00:21:33,65.28,-126.83,1.4,84,40,4.7
295,Olafsvik,IS,2020-11-01 00:20:50,64.89,-23.71,42.22,83,69,8.23
296,Baghmara,IN,2020-11-01 00:23:21,23.8,86.21,70.97,71,0,6.13
297,Cardenas,CU,2020-11-01 00:23:21,23.04,-81.2,77.0,100,20,5.82
298,Sulangan,PH,2020-11-01 00:19:52,11.14,123.72,82.44,79,100,22.03
299,Capim Grosso,BR,2020-11-01 00:23:21,-11.38,-40.01,75.96,79,92,9.28
300,Illela,NG,2020-11-01 00:23:21,13.73,5.3,81.39,18,3,9.06
301,Lebowakgomo,ZA,2020-11-01 00:23:21,-24.2,29.5,60.8,100,75,11.41
302,Laukaa,RU,2020-11-01 00:23:22,58.74,29.85,38.14,90,27,2.35
303,Pangnirtung,CA,2020-11-01 00:20:32,66.15,-65.71,17.6,61,75,4.7
304,Marilia,BR,2020-11-01 00:23:22,-22.21,-49.95,63.86,72,33,12.55
305,Santa Fe,AR,2020-11-01 00:21:26,-31.63,-60.7,66.99,47,0,1.01
306,Capiibary,PY,2020-11-01 00:23:22,-24.8,-56.03,69.6,70,62,4.63
307,Maceio,BR,2020-11-01 00:18:24,-9.67,-35.74,77.0,88,40,6.93
308,Bagdarin,RU,2020-11-01 00:17:43,54.43,113.6,17.69,89,100,6.04
309,Sindou,BF,2020-11-01 00:23:22,10.67,-5.17,76.42,37,0,2.35
310,Upington,ZA,2020-11-01 00:23:22,-28.45,21.26,66.2,77,7,8.05
311,Vardo,NO,2020-11-01 00:17:28,70.37,31.11,38.62,90,100,14.97
312,Jackson,US,2020-11-01 00:20:44,42.42,-122.83,71.01,45,0,1.01
313,Cherskiy,RU,2020-11-01 00:17:46,68.75,161.3,10.9,89,97,2.91
314,Elista,RU,2020-11-01 00:23:23,46.31,44.26,55.4,87,100,6.71
315,Sungaipenuh,ID,2020-11-01 00:21:48,-2.08,101.38,66.6,92,99,1.03
316,Sajanan,TN,2020-11-01 00:23:23,37.06,9.24,55.4,93,20,3.36
317,Tiarei,PF,2020-11-01 00:21:00,-17.53,-149.33,84.2,62,75,10.29
318,Lata,PT,2020-11-01 00:17:53,40.16,-8.33,64.0,89,85,1.57
319,Poum,NC,2020-11-01 00:18:15,-20.23,164.02,78.71,75,16,21.5
320,Bathsheba,BB,2020-11-01 00:17:27,13.22,-59.52,78.8,88,75,4.7
321,Deniliquin,AU,2020-11-01 00:23:23,-35.53,144.97,67.6,50,0,5.32
322,Barra Do Garcas,BR,2020-11-01 00:23:23,-15.89,-52.26,75.83,80,100,1.97
323,San Agustin,MX,2020-11-01 00:23:24,20.53,-103.47,80.6,24,20,4.7
324,Mehriz,IR,2020-11-01 00:23:24,31.59,54.43,53.6,23,0,2.24
325,Kirakira,SB,2020-11-01 00:18:32,-10.45,161.92,85.91,68,50,5.99
326,Areosa,PT,2020-11-01 00:23:24,41.72,-8.86,64.99,93,90,11.41
327,Chapleau,CA,2020-11-01 00:20:45,47.84,-83.4,32.0,88,75,14.99
328,Dunedin,NZ,2020-11-01 00:18:10,-45.87,170.5,60.01,63,23,8.99
329,Bosaso,SO,2020-11-01 00:18:30,11.28,49.18,75.96,82,0,2.51
330,La Trinidad,PH,2020-11-01 00:23:24,16.45,120.59,66.49,79,99,2.35
331,Zapadnaya Dvina,RU,2020-11-01 00:19:06,56.26,32.07,44.8,83,99,4.54
332,Pedasi,PA,2020-11-01 00:23:24,7.53,-80.03,79.34,84,74,14.29
333,San Cristobal,VE,2020-11-01 00:20:23,7.77,-72.22,68.68,92,95,1.32
334,Bridlington,GB,2020-11-01 00:23:25,54.08,-0.19,50.0,71,67,10.29
335,Dawlatabad,AF,2020-11-01 00:23:25,36.41,64.91,38.57,70,0,0.92
336,Susehri,TR,2020-11-01 00:23:25,40.16,38.09,51.62,67,69,1.63
337,Urusha,RU,2020-11-01 00:22:28,54.05,122.9,20.41,86,100,9.48
338,San Quintin,MX,2020-11-01 00:16:20,30.48,-115.95,71.94,54,47,8.93
339,Lunca De Jos,RO,2020-11-01 00:23:25,46.57,25.98,44.01,38,91,3.53
340,High Rock,BS,2020-11-01 00:22:07,26.62,-78.28,78.8,83,40,10.29
341,Ileza,RU,2020-11-01 00:21:07,61.05,43.9,28.69,97,0,1.77
342,Gat,IL,2020-11-01 00:22:55,31.61,34.76,72.0,100,13,0.98
343,Waipawa,NZ,2020-11-01 00:17:06,-41.41,175.52,64.99,48,2,19.46
344,Anadyr,RU,2020-11-01 00:22:35,64.75,177.48,6.8,84,40,8.95
345,Paragominas,BR,2020-11-01 00:23:26,-2.97,-47.48,82.17,53,53,5.14
346,Ola,RU,2020-11-01 00:18:24,59.58,151.28,33.69,91,100,8.9
347,Wewak,PG,2020-11-01 00:23:26,-3.55,143.63,84.72,68,54,8.19
348,Cassilandia,BR,2020-11-01 00:23:26,-19.11,-51.73,74.28,65,81,8.72
349,Bereznik,RU,2020-11-01 00:23:26,62.86,42.71,29.62,97,0,2.01
350,Mutis,CO,2020-11-01 00:22:18,6.23,-77.4,77.97,85,86,6.6
351,Normandin,CA,2020-11-01 00:23:27,48.83,-72.53,32.0,73,30,6.93
352,Ewa Beach,US,2020-11-01 00:21:40,21.32,-158.01,86.0,58,75,12.75
353,Constitucion,CL,2020-11-01 00:17:48,-35.33,-72.42,55.26,88,9,6.2
354,Kisoro,UG,2020-11-01 00:23:27,-1.29,29.68,56.71,91,95,1.32
355,Darfo,IT,2020-11-01 00:23:27,45.88,10.18,55.0,63,64,3.89
356,Iquitos,PE,2020-11-01 00:23:27,-3.75,-73.25,77.0,83,40,1.12
357,Ust-Omchug,RU,2020-11-01 00:23:27,61.15,149.63,22.93,95,100,2.62
358,Mogzon,RU,2020-11-01 00:22:15,51.74,111.96,21.02,92,76,9.75
359,Ugoofaaru,MV,2020-11-01 00:17:53,5.67,73.0,82.13,69,8,4.59
360,Sitrah,BH,2020-11-01 00:23:27,26.15,50.62,78.8,61,0,3.36
361,Kourou,GF,2020-11-01 00:22:03,5.16,-52.65,77.0,100,75,2.24
362,Araouane,ML,2020-11-01 00:21:23,18.9,-3.53,83.89,14,83,7.7
363,Mishan,CN,2020-11-01 00:23:07,45.55,131.88,47.97,66,56,14.09
364,Ocampo,MX,2020-11-01 00:23:18,21.65,-101.5,64.09,32,0,8.97
365,Exeter,GB,2020-11-01 00:23:28,50.72,-3.53,53.01,82,100,1.01
366,Sola,VU,2020-11-01 00:17:52,-13.88,167.55,81.59,80,66,18.3
367,Grindavik,IS,2020-11-01 00:17:39,63.84,-22.43,37.4,93,75,3.36
368,Bengkulu,ID,2020-11-01 00:16:28,-3.8,102.27,76.66,86,100,4.45
369,Puerto Baquerizo Moreno,EC,2020-11-01 00:23:28,-0.9,-89.6,68.58,89,90,9.95
370,Santa Isabel Do Rio Negro,BR,2020-11-01 00:21:09,-0.41,-65.02,73.94,97,98,5.75
371,Madanapalle,IN,2020-11-01 00:23:28,13.55,78.5,66.94,76,0,1.7
372,Zhigansk,RU,2020-11-01 00:17:56,66.77,123.37,-1.89,92,98,5.35
373,Taltal,CL,2020-11-01 00:15:51,-25.4,-70.48,60.35,64,47,5.21
374,Adre,TD,2020-11-01 00:21:11,13.47,22.2,77.74,28,57,13.51
375,Lebu,CL,2020-11-01 00:17:46,-37.62,-73.65,52.36,89,8,8.7
376,Samarina,RU,2020-11-01 00:23:29,57.89,27.81,44.6,87,0,2.24
377,Doha,QA,2020-11-01 00:17:02,25.29,51.53,78.8,69,0,3.36
378,Nabire,ID,2020-11-01 00:22:34,-3.37,135.48,85.87,66,95,1.48
379,Panaba,MX,2020-11-01 00:21:31,21.28,-88.27,74.79,93,97,9.6
380,Aginskoye,RU,2020-11-01 00:17:41,51.1,114.53,24.58,92,100,14.9
381,Jalu,LY,2020-11-01 00:19:40,29.03,21.55,65.75,70,75,6.51
382,Mana,GF,2020-11-01 00:23:29,5.66,-53.78,81.37,81,90,10.74
383,Insar,RU,2020-11-01 00:23:29,53.87,44.37,40.6,93,76,9.13
384,Visnes,NO,2020-11-01 00:23:30,59.36,5.22,53.6,76,97,27.51
385,Sinnamary,GF,2020-11-01 00:18:31,5.38,-52.95,80.94,83,89,10.92
386,Inuvik,CA,2020-11-01 00:15:23,68.35,-133.72,3.2,77,78,1.68
387,Miles City,US,2020-11-01 00:23:20,46.41,-105.84,42.8,41,1,11.41
388,Chernyshevskiy,RU,2020-11-01 00:22:57,63.01,112.47,-3.17,92,20,1.86
389,Half Moon Bay,US,2020-11-01 00:17:28,37.46,-122.43,75.99,52,1,9.17
390,Thaba-Tseka,LS,2020-11-01 00:23:30,-29.52,28.61,44.35,87,100,2.86
391,Hadejia,NG,2020-11-01 00:23:30,12.45,10.04,77.54,23,1,9.24
392,Shunyi,CN,2020-11-01 00:23:30,40.12,116.65,55.4,20,0,8.95
393,Astana,KZ,2020-11-01 00:23:30,51.18,71.45,23.0,100,20,2.24
394,Ivanovskoye,RU,2020-11-01 00:23:30,44.58,41.88,51.01,100,40,2.24
395,Nyurba,RU,2020-11-01 00:15:19,63.28,118.33,-2.36,92,83,2.93
396,Masaurhi,IN,2020-11-01 00:23:31,25.35,85.03,68.0,72,6,6.4
397,Tessalit,ML,2020-11-01 00:15:10,20.2,1.01,75.43,20,42,10.36
398,Tamayo,DO,2020-11-01 00:23:31,18.39,-71.2,77.92,80,100,2.26
399,Timra,SE,2020-11-01 00:22:47,62.49,17.33,41.0,93,94,6.93
400,Pimentel,PE,2020-11-01 00:17:44,-6.84,-79.93,63.21,86,48,13.02
401,Te Anau,NZ,2020-11-01 00:20:44,-45.42,167.72,53.8,61,63,9.22
402,Asyut,EG,2020-11-01 00:19:59,27.18,31.18,68.52,69,0,11.43
403,Leshukonskoye,RU,2020-11-01 00:20:58,64.9,45.76,29.34,97,27,4.65
404,Pueblo Nuevo,MX,2020-11-01 00:23:31,23.38,-105.38,63.07,79,72,2.1
405,Newtonmore,GB,2020-11-01 00:23:31,57.07,-4.12,46.4,70,71,18.34
406,Saint-Francois,FR,2020-11-01 00:17:58,46.42,3.91,51.8,87,0,6.93
407,Wajir,KE,2020-11-01 00:23:32,1.75,40.06,77.25,73,14,15.41
408,Nizhneangarsk,RU,2020-11-01 00:23:32,55.78,109.55,18.63,84,77,8.23
409,Ocos,GT,2020-11-01 00:23:32,14.51,-92.19,82.4,88,40,3.36
410,Kavaratti,IN,2020-11-01 00:17:56,10.57,72.64,81.7,70,46,4.43
411,Ossora,RU,2020-11-01 00:16:21,59.24,163.07,36.25,89,100,7.83
412,Dalvik,IS,2020-11-01 00:23:32,65.97,-18.53,37.4,72,90,3.8
413,Mudanya,TR,2020-11-01 00:23:32,40.38,28.88,55.4,100,75,5.28
414,Kuryk,KZ,2020-11-01 00:23:32,43.2,51.65,57.36,33,10,14.65
415,Smithers,CA,2020-11-01 00:20:43,54.78,-127.17,37.4,93,90,5.82
416,Bacolod,PH,2020-11-01 00:23:32,10.67,122.95,81.45,78,100,7.43
417,La Serena,CL,2020-11-01 00:21:59,-29.91,-71.25,55.4,82,75,9.17
418,Tomatlan,MX,2020-11-01 00:17:40,19.93,-105.25,80.89,79,4,3.85
419,Baghdad,IQ,2020-11-01 00:19:03,33.34,44.4,68.0,32,0,9.17
420,Ada,US,2020-11-01 00:18:09,43.42,-116.13,55.4,32,1,3.36
421,Marfino,RU,2020-11-01 00:23:33,55.7,37.38,43.0,81,75,11.18
422,San Matias,BO,2020-11-01 00:23:33,-16.37,-58.4,78.87,52,82,4.36
423,Shubarshi,KZ,2020-11-01 00:20:33,48.59,57.19,43.23,55,76,8.79
424,Terrace,CA,2020-11-01 00:23:33,54.52,-128.6,41.0,93,90,16.11
425,Punalur,IN,2020-11-01 00:23:33,9.0,76.93,80.6,94,20,1.16
426,Quatis,BR,2020-11-01 00:23:33,-22.41,-44.26,63.99,91,100,2.73
427,Tahe,CN,2020-11-01 00:23:33,52.33,124.73,23.4,97,100,10.74
428,Noumea,NC,2020-11-01 00:17:57,-22.28,166.46,87.8,38,0,6.93
429,That Phanom,TH,2020-11-01 00:23:34,16.94,104.71,73.4,94,20,2.24
430,Sinnai,IT,2020-11-01 00:23:34,39.3,9.2,60.01,100,0,6.93
431,Henties Bay,NA,2020-11-01 00:22:28,-22.12,14.28,54.0,93,48,3.0
432,Gorodishche,RU,2020-11-01 00:23:34,48.8,44.47,51.8,62,75,8.95
433,Tiznit,MA,2020-11-01 00:21:21,29.58,-9.5,69.8,25,0,2.59
434,Saint Andrews,US,2020-11-01 00:23:34,34.05,-81.13,60.8,55,90,6.93
435,Pahrump,US,2020-11-01 00:23:35,36.21,-115.98,80.01,10,0,3.74
436,Sao Filipe,CV,2020-11-01 00:18:05,14.9,-24.5,79.74,67,88,9.64
437,Nouadhibou,MR,2020-11-01 00:17:55,20.93,-17.03,68.0,82,40,11.41
438,Gualeguay,AR,2020-11-01 00:23:35,-33.14,-59.31,56.66,82,0,7.83
439,Golden Gate,US,2020-11-01 00:23:35,26.19,-81.7,80.6,78,1,8.05
440,Port Augusta,AU,2020-11-01 00:22:23,-32.5,137.77,71.01,68,0,3.36
441,Necochea,AR,2020-11-01 00:18:07,-38.55,-58.74,57.0,65,0,5.99
442,Marmashen,AM,2020-11-01 00:23:35,40.83,43.78,44.6,56,75,2.24
443,Kariba,ZW,2020-11-01 00:23:36,-16.52,28.8,74.71,55,0,4.41
444,Gao,ML,2020-11-01 00:23:36,16.64,1.64,78.73,17,5,12.44
445,Jumla,NP,2020-11-01 00:18:18,29.27,82.18,46.27,55,9,5.48
446,San Andres,CO,2020-11-01 00:19:10,12.58,-81.7,82.15,80,100,14.94
447,Lincoln,US,2020-11-01 00:20:21,40.8,-96.67,60.8,36,1,12.75
448,Rocha,UY,2020-11-01 00:21:54,-34.48,-54.33,48.56,91,2,2.24
449,Bhatkal,IN,2020-11-01 00:23:36,13.97,74.57,77.23,73,21,3.96
450,Mareeba,AU,2020-11-01 00:17:43,-17.0,145.43,89.01,54,0,11.41
451,Camapua,BR,2020-11-01 00:18:24,-19.53,-54.04,74.23,65,94,10.6
452,Ayan,RU,2020-11-01 00:17:34,56.45,138.17,26.22,96,100,18.41
453,Yumen,CN,2020-11-01 00:17:52,40.28,97.2,35.94,68,49,11.03
454,Coahuayana,MX,2020-11-01 00:17:43,18.73,-103.68,78.8,83,40,13.87
455,Ciudad Bolivar,VE,2020-11-01 00:21:09,8.12,-63.55,81.37,78,87,10.51
456,Kodinsk,RU,2020-11-01 00:17:49,58.69,99.18,5.63,93,1,2.19
457,Kushiro,JP,2020-11-01 00:21:24,42.98,144.37,42.8,87,75,3.36
458,Huntington,US,2020-11-01 00:20:53,38.42,-82.45,55.4,47,1,3.36
459,Banjar,ID,2020-11-01 00:21:41,-8.19,114.97,80.04,73,100,2.24
460,Kathu,TH,2020-11-01 00:23:37,7.92,98.33,82.99,94,40,5.06
461,Charters Towers,AU,2020-11-01 00:23:37,-20.1,146.27,85.14,38,0,6.15
462,Nuuk,GL,2020-11-01 00:15:09,64.18,-51.72,23.0,85,100,8.05
463,Minab,IR,2020-11-01 00:23:37,27.15,57.08,66.2,88,0,4.7
464,Kalmunai,LK,2020-11-01 00:16:28,7.42,81.82,78.01,85,87,7.85
465,Walvis Bay,NA,2020-11-01 00:21:21,-22.96,14.51,54.0,81,0,3.36
466,Mulege,MX,2020-11-01 00:23:38,26.88,-111.98,80.01,43,100,5.17
467,Taoudenni,ML,2020-11-01 00:13:58,22.68,-3.98,76.93,19,100,13.04
468,Tumpat,MY,2020-11-01 00:23:38,6.2,102.17,78.8,88,20,3.36
469,Rognan,NO,2020-11-01 00:23:38,67.1,15.39,44.6,85,0,32.21
470,Bolivar,US,2020-11-01 00:23:12,37.61,-93.41,55.0,58,67,8.66
471,Orlik,RU,2020-11-01 00:21:42,52.52,99.83,7.21,85,43,2.73
472,Kryve Ozero,UA,2020-11-01 00:23:38,47.95,30.35,48.56,85,100,14.7
473,Newtownards,GB,2020-11-01 00:22:03,54.59,-5.69,48.99,70,85,14.99
474,Moranbah,AU,2020-11-01 00:21:47,-22.0,148.05,85.53,16,0,7.45
475,Zhezkazgan,KZ,2020-11-01 00:18:15,47.8,67.71,36.3,68,0,7.09
476,Guerrero Negro,MX,2020-11-01 00:20:40,27.98,-114.06,74.82,43,87,11.05
477,Ishinomaki,JP,2020-11-01 00:23:39,38.42,141.3,55.4,62,75,8.05
478,Banamba,ML,2020-11-01 00:23:39,13.55,-7.45,77.61,20,75,6.17
479,Grand Gaube,MU,2020-11-01 00:21:16,-20.01,57.66,66.2,82,40,11.41
480,Manokwari,ID,2020-11-01 00:17:48,-0.87,134.08,85.46,66,52,8.63
481,Orange Cove,US,2020-11-01 00:22:24,36.62,-119.31,77.0,29,1,3.36
482,Westport,US,2020-11-01 00:17:38,41.14,-73.36,44.6,52,75,12.75
483,Puri,IN,2020-11-01 00:23:39,19.8,85.85,75.2,88,40,3.36
484,Lang Son,VN,2020-11-01 00:20:51,21.83,106.73,70.32,89,52,1.9
485,Baracoa,CU,2020-11-01 00:18:16,20.35,-74.5,80.64,84,96,13.33
486,Esil,KZ,2020-11-01 00:20:05,51.96,66.4,35.67,79,83,8.84
487,Dicabisagan,PH,2020-11-01 00:22:48,17.08,122.42,77.86,87,100,14.65
488,Betafo,MG,2020-11-01 00:23:39,-19.83,46.85,57.22,81,70,1.41
489,Ribeira Brava,PT,2020-11-01 00:21:26,32.65,-17.07,72.0,64,20,6.93
490,Svetlaya,RU,2020-11-01 00:18:12,46.54,138.33,46.58,59,70,6.64
491,Rodrigues Alves,BR,2020-11-01 00:23:40,-7.74,-72.65,70.97,94,100,3.22
492,Yairipok,IN,2020-11-01 00:23:40,24.67,94.07,65.61,95,99,0.51
493,Eureka,US,2020-11-01 00:17:11,40.8,-124.16,60.01,93,90,5.1
494,Padang,ID,2020-11-01 00:17:25,-0.95,100.35,77.4,83,100,7.81
495,Beaumont,US,2020-11-01 00:19:29,30.09,-94.1,64.4,72,1,4.7
496,Vila Franca Do Campo,PT,2020-11-01 00:21:31,37.72,-25.43,69.8,94,75,13.87
497,Harper,LR,2020-11-01 00:16:59,4.38,-7.72,77.67,88,78,7.36
498,Iberia,US,2020-11-01 00:23:40,29.95,-91.75,64.4,67,1,0.92
499,Los Aquijes,PE,2020-11-01 00:23:40,-14.1,-75.69,62.6,88,0,16.11
500,Xianyang,CN,2020-11-01 00:23:40,34.34,108.7,53.01,81,0,6.71
501,Bada,RU,2020-11-01 00:23:40,51.39,109.87,18.18,90,100,13.98
502,Laksham,BD,2020-11-01 00:23:41,23.25,91.14,73.98,95,99,5.59
503,San Carlos,VE,2020-11-01 00:23:41,9.66,-68.58,76.68,90,100,2.86
504,Vyshhorod,UA,2020-11-01 00:23:41,50.58,30.49,48.0,100,100,15.95
505,Komsomolets,KZ,2020-11-01 00:23:41,53.75,62.07,37.35,78,100,10.78
506,De Haan,BE,2020-11-01 00:23:41,51.27,3.04,53.01,87,20,12.75
507,Mamlyutka,KZ,2020-11-01 00:23:41,54.94,68.54,37.65,78,97,13.96
508,Tateyama,JP,2020-11-01 00:22:16,34.98,139.87,62.6,67,40,14.99
509,Pemangkat,ID,2020-11-01 00:17:36,1.17,108.97,79.03,84,100,3.18
510,Raudeberg,NO,2020-11-01 00:18:01,61.99,5.14,50.0,83,83,26.15
511,Shimoda,JP,2020-11-01 00:22:06,34.67,138.95,62.6,67,40,14.99
512,Camalu,MX,2020-11-01 00:23:41,30.85,-116.07,73.99,29,87,1.01
513,Patacamaya,BO,2020-11-01 00:23:42,-17.23,-67.92,48.13,67,10,11.16
514,Savannah Bight,HN,2020-11-01 00:23:42,16.45,-85.85,82.4,78,40,10.09
515,Vassouras,BR,2020-11-01 00:23:42,-22.4,-43.66,68.0,94,90,3.36
516,Batemans Bay,AU,2020-11-01 00:22:48,-35.72,150.18,64.99,81,99,5.01
517,San Jose,US,2020-11-01 00:21:14,37.34,-121.89,78.01,31,1,8.05
518,Kidal,ML,2020-11-01 00:21:19,18.44,1.41,77.27,18,38,11.03
519,Itabera,BR,2020-11-01 00:23:42,-23.86,-49.14,59.47,78,75,11.61
520,Marstal,DK,2020-11-01 00:23:42,54.86,10.52,53.6,93,52,9.17
521,Balabac,PH,2020-11-01 00:23:42,7.99,117.06,81.34,80,82,5.41
522,Marsaxlokk,MT,2020-11-01 00:23:43,35.84,14.54,64.0,93,0,6.93
523,Kenai,US,2020-11-01 00:16:12,60.55,-151.26,30.2,39,1,17.22
524,Dwarka,IN,2020-11-01 00:21:22,22.24,68.97,80.28,51,0,8.5
525,Saint-Augustin,CA,2020-11-01 00:17:32,51.23,-58.65,28.81,79,3,10.54
526,Riyadh,SA,2020-11-01 00:17:53,24.69,46.72,64.4,45,0,5.77
527,Ajdabiya,LY,2020-11-01 00:18:21,30.76,20.23,64.69,67,0,7.83
528,Farsund,NO,2020-11-01 00:23:43,58.09,6.8,53.01,94,100,7.58
529,Cururupu,BR,2020-11-01 00:22:10,-1.83,-44.87,75.34,90,99,3.96
530,Litovko,RU,2020-11-01 00:23:43,49.24,135.17,43.25,88,100,7.85
531,Dwarahat,IN,2020-11-01 00:23:43,29.78,79.43,53.1,51,0,3.06
532,Manaure,CO,2020-11-01 00:22:09,11.78,-72.44,82.8,78,94,6.44
533,Neuquen,AR,2020-11-01 00:23:28,-38.95,-68.06,78.8,29,0,4.7
534,Tourlaville,FR,2020-11-01 00:23:44,49.64,-1.57,53.01,93,90,9.17
535,Portland,US,2020-11-01 00:18:00,45.52,-122.68,60.01,65,47,1.01
536,Ahuimanu,US,2020-11-01 00:23:44,21.44,-157.84,86.0,62,1,8.05
537,Carutapera,BR,2020-11-01 00:16:09,-1.2,-46.02,78.13,81,25,6.58
538,Karla,EE,2020-11-01 00:23:44,59.37,24.93,45.0,93,90,4.7
539,Svetlyy,RU,2020-11-01 00:21:11,54.67,20.13,42.8,93,75,4.47
540,Conner,PH,2020-11-01 00:23:44,17.8,121.33,71.73,87,100,3.62
541,Ketchikan,US,2020-11-01 00:17:44,55.34,-131.65,50.0,100,90,18.34
542,Altona,DE,2020-11-01 00:23:44,53.55,9.93,54.0,93,68,10.29
543,Mopipi,BW,2020-11-01 00:20:51,-21.18,24.88,76.59,32,50,20.02
544,Kieta,PG,2020-11-01 00:16:41,-6.22,155.63,85.28,66,28,3.27
545,Kununurra,AU,2020-11-01 00:20:54,-15.77,128.73,87.8,74,79,3.36
546,Fukue,JP,2020-11-01 00:22:25,32.69,128.84,68.0,68,20,3.36
547,Stornoway,GB,2020-11-01 00:23:45,58.21,-6.39,45.0,87,82,16.11
548,Puerto Carreno,CO,2020-11-01 00:20:04,6.19,-67.49,80.44,79,100,5.75
549,Kismayo,SO,2020-11-01 00:23:45,-0.36,42.55,79.45,80,9,13.8
550,Piacabucu,BR,2020-11-01 00:23:45,-10.41,-36.43,77.79,85,75,11.95
551,Puerto Leguizamo,CO,2020-11-01 00:23:03,-0.19,-74.78,74.5,96,100,2.98
552,Guanambi,BR,2020-11-01 00:23:46,-14.22,-42.78,74.75,82,89,3.38
553,Puerto Lempira,HN,2020-11-01 00:23:46,15.27,-83.77,80.08,84,96,10.85
554,Suez,EG,2020-11-01 00:22:49,29.97,32.53,67.84,81,0,8.77
555,Qaqortoq,GL,2020-11-01 00:21:43,60.72,-46.03,24.8,79,89,2.13
556,Zachepylivka,UA,2020-11-01 00:23:46,49.19,35.24,50.65,94,100,10.96
557,Belawan,ID,2020-11-01 00:23:46,3.78,98.68,76.19,91,99,6.78
558,Tilichiki,RU,2020-11-01 00:17:29,60.47,166.1,26.26,95,98,6.87
559,Yenagoa,NG,2020-11-01 00:18:16,4.92,6.26,75.61,93,75,3.24
560,Kungurtug,RU,2020-11-01 00:22:05,50.6,97.52,17.46,91,95,2.42
561,Iracoubo,GF,2020-11-01 00:20:58,5.48,-53.2,81.68,80,75,11.45
562,Sehithwa,BW,2020-11-01 00:23:46,-20.47,22.72,77.13,24,79,6.91
563,Jiuquan,CN,2020-11-01 00:18:04,39.74,98.52,32.36,75,24,3.76
564,Damoh,IN,2020-11-01 00:23:47,23.83,79.45,64.08,29,2,2.37
565,Margate,GB,2020-11-01 00:18:08,51.38,1.39,52.0,76,83,3.0
566,Hibaiyo,PH,2020-11-01 00:23:47,10.27,123.32,82.58,73,100,6.26
567,Ulaangom,MN,2020-11-01 00:23:47,49.98,92.07,24.28,93,0,3.67
568,Nagar Karnul,IN,2020-11-01 00:23:47,16.48,78.32,68.07,74,0,5.57
569,Abbeville,FR,2020-11-01 00:21:56,50.1,1.83,52.0,83,86,9.42
570,Owase,JP,2020-11-01 00:23:47,34.07,136.2,63.72,56,41,4.97
571,Qui Nhon,VN,2020-11-01 00:23:47,13.77,109.23,77.88,86,90,11.12
572,Iskateley,RU,2020-11-01 00:23:48,67.68,53.15,33.51,92,95,13.15
573,Orasac,BA,2020-11-01 00:23:48,44.63,16.07,50.36,75,71,0.83
574,Uruzgan,AF,2020-11-01 00:22:55,32.83,66.0,33.4,78,0,4.25
575,Surgut,RU,2020-11-01 00:23:48,61.25,73.42,33.8,97,40,8.95
576,Porbandar,IN,2020-11-01 00:22:01,21.64,69.61,78.98,38,0,11.14
577,Krasnoselkup,RU,2020-11-01 00:18:17,65.7,82.47,30.04,97,100,19.8
578,Sioux Lookout,CA,2020-11-01 00:22:12,50.1,-91.92,30.2,74,90,17.22
579,Bull Savanna,JM,2020-11-01 00:19:16,17.89,-77.59,77.74,83,88,3.11
580,Esna,EG,2020-11-01 00:20:28,25.29,32.55,73.58,56,0,10.13
581,Clyde River,CA,2020-11-01 00:20:38,70.47,-68.59,14.0,85,20,17.22
582,Hirara,JP,2020-11-01 00:16:30,24.8,125.28,75.2,83,75,13.87
583,Topolobampo,MX,2020-11-01 00:23:49,25.6,-109.05,84.2,32,40,14.99
584,Bilma,NE,2020-11-01 00:22:26,18.69,12.92,71.19,31,0,16.17
585,Asfi,MA,2020-11-01 00:23:49,32.3,-9.24,65.79,83,2,10.65
586,Jurado,CO,2020-11-01 00:23:49,7.11,-77.76,77.36,88,66,5.84
587,Ancona,IT,2020-11-01 00:23:49,43.55,13.17,53.01,100,66,4.7
588,Soanierana Ivongo,MG,2020-11-01 00:23:49,-16.92,49.58,65.07,84,90,5.57
589,Sorong,ID,2020-11-01 00:17:43,-0.88,131.25,83.97,74,47,9.75
590,Hovd,MN,2020-11-01 00:21:28,48.01,91.64,25.0,88,0,1.19
591,Gigmoto,PH,2020-11-01 00:17:57,13.78,124.39,78.39,80,100,23.44
592,Sukhumi,GE,2020-11-01 00:23:49,43.0,41.02,62.26,82,100,2.75
593,La Rioja,ES,2020-11-01 00:17:41,42.25,-2.5,55.0,93,0,7.34
594,Isetskoye,RU,2020-11-01 00:23:50,56.49,65.32,36.55,88,100,11.25
595,Hauterive,FR,2020-11-01 00:20:26,46.09,3.45,53.6,66,0,2.24
596,Coffs Harbour,AU,2020-11-01 00:21:15,-30.3,153.13,75.2,44,0,10.29
597,Bagotville,AU,2020-11-01 00:23:50,-28.98,153.42,80.01,44,0,11.41
598,Vilyuysk,RU,2020-11-01 00:23:50,63.76,121.62,-3.8,92,98,4.05
599,Champerico,GT,2020-11-01 00:23:50,14.3,-91.92,77.0,94,75,4.7
600,Onufriyivka,UA,2020-11-01 00:20:09,48.91,33.45,48.0,92,100,7.02
601,Bubaque,GW,2020-11-01 00:16:47,11.28,-15.83,83.8,71,77,9.75
602,Edwardsville,US,2020-11-01 00:21:42,38.81,-89.95,55.99,62,1,11.41
603,Salinopolis,BR,2020-11-01 00:22:18,-0.61,-47.36,80.58,80,50,12.77
604,Muros,ES,2020-11-01 00:15:55,42.78,-9.06,64.0,91,100,13.0
605,Sekoma,BW,2020-11-01 00:23:50,-24.4,23.88,73.62,39,99,6.82
606,Mount Gambier,AU,2020-11-01 00:17:38,-37.83,140.77,57.2,71,75,11.41
607,Niagara Falls,CA,2020-11-01 00:22:02,43.1,-79.07,39.99,69,1,4.7
608,Kohlu,PK,2020-11-01 00:23:51,29.9,69.25,50.14,41,0,2.37
609,Ushtobe,KZ,2020-11-01 00:23:51,45.25,77.98,37.24,75,0,9.8
610,Mossendjo,CG,2020-11-01 00:17:35,-2.95,12.73,70.9,99,100,4.14
611,Guia De Isora,ES,2020-11-01 00:23:51,28.21,-16.78,75.2,44,0,13.87
612,Pardina,RO,2020-11-01 00:23:51,45.31,28.96,46.4,87,68,16.11
613,Roma,US,2020-11-01 00:15:31,43.21,-75.46,33.8,69,1,6.93
614,Kushima,JP,2020-11-01 00:21:42,31.46,131.23,66.2,77,75,6.93
615,Punta Alta,AR,2020-11-01 00:22:04,-38.88,-62.07,64.74,47,0,12.66
616,Pangoa,PE,2020-11-01 00:23:52,-12.12,-73.0,66.22,87,91,1.32
617,Deputatskiy,RU,2020-11-01 00:18:29,69.3,139.9,-9.27,91,97,5.44
618,Port Lincoln,AU,2020-11-01 00:20:51,-34.73,135.87,60.13,76,4,13.73
619,Breytovo,RU,2020-11-01 00:23:52,58.3,37.86,35.74,87,27,6.38
620,Polson,US,2020-11-01 00:23:52,47.69,-114.16,42.01,66,1,1.77
621,Houma,US,2020-11-01 00:19:00,29.6,-90.72,66.0,77,1,1.66
622,Xinzhi,CN,2020-11-01 00:21:10,36.5,111.7,51.35,41,49,6.29
623,Banda Aceh,ID,2020-11-01 00:19:52,5.56,95.32,80.22,76,86,6.11
624,Ponta Delgada,PT,2020-11-01 00:22:04,37.73,-25.67,69.8,94,75,13.87
625,Acapulco,MX,2020-11-01 00:18:23,16.86,-99.89,86.0,74,75,8.05
626,Tabas,IR,2020-11-01 00:17:45,33.6,56.92,59.0,21,0,2.24
627,Onod,HU,2020-11-01 00:23:53,48.0,20.92,43.57,77,2,6.46
628,Reconquista,AR,2020-11-01 00:23:53,-29.15,-59.65,62.38,66,0,7.83
629,Weligama,LK,2020-11-01 00:20:34,5.97,80.42,76.69,87,47,5.79
630,Kargasok,RU,2020-11-01 00:20:15,59.06,80.86,32.72,95,99,10.94
631,Yantzaza,EC,2020-11-01 00:23:53,-3.83,-78.76,70.36,83,66,0.4
632,Phuntsholing,BT,2020-11-01 00:23:53,26.85,89.39,69.94,41,13,4.54
633,Maningrida,AU,2020-11-01 00:17:53,-12.07,134.27,88.93,47,11,9.66
634,Verkhovazhye,RU,2020-11-01 00:19:06,60.75,42.05,30.02,97,0,1.28
635,Santa Catarina De Tepehuanes,MX,2020-11-01 00:23:53,25.35,-105.73,69.55,36,0,7.81
636,Senneterre,CA,2020-11-01 00:23:53,48.38,-77.23,32.0,77,40,16.11
637,Luena,AO,2020-11-01 00:22:54,-11.78,19.92,62.8,80,61,3.13
638,Agadez,NE,2020-11-01 00:13:07,19.75,10.25,68.47,32,0,15.52
639,Noshiro,JP,2020-11-01 00:22:32,40.2,140.02,41.0,100,75,1.12
640,Iquique,CL,2020-11-01 00:23:54,-20.22,-70.14,62.6,72,90,11.41
641,Setermoen,NO,2020-11-01 00:23:54,68.86,18.35,33.01,92,46,18.34
642,Viedma,AR,2020-11-01 00:18:16,-40.81,-63.0,68.0,33,0,1.99
643,Soyo,AO,2020-11-01 00:17:36,-6.13,12.37,77.99,84,93,9.37
644,Kurmanayevka,RU,2020-11-01 00:23:54,52.51,52.07,43.93,85,100,5.44
645,Port Shepstone,ZA,2020-11-01 00:23:54,-30.74,30.45,63.45,82,100,5.03
646,Barga,IT,2020-11-01 00:23:54,44.07,10.48,57.99,35,96,0.98
647,Tevaitoa,PF,2020-11-01 00:22:27,-16.78,-151.5,80.06,72,1,19.04
648,Anshun,CN,2020-11-01 00:23:55,26.25,105.93,57.29,97,100,4.27
649,Srivardhan,IN,2020-11-01 00:18:33,18.03,73.02,76.95,62,29,4.16
650,Treviglio,IT,2020-11-01 00:23:55,45.52,9.59,50.0,100,45,5.82
651,Fallon,US,2020-11-01 00:23:55,39.47,-118.78,71.6,10,20,9.17
652,Yaan,NG,2020-11-01 00:17:48,7.38,8.57,75.18,88,85,4.83
653,Huntsville,US,2020-11-01 00:22:14,34.73,-86.59,60.8,63,1,3.36
654,Ambilobe,MG,2020-11-01 00:22:58,-13.2,49.05,70.21,66,70,4.92
655,Khorramshahr,IR,2020-11-01 00:23:55,30.44,48.17,62.6,48,0,2.24
656,Ust-Tsilma,RU,2020-11-01 00:18:18,65.44,52.15,33.51,92,95,8.81
657,Nanakuli,US,2020-11-01 00:17:37,21.39,-158.15,86.0,58,40,14.99
658,Dir,PK,2020-11-01 00:23:55,35.21,71.88,50.11,35,0,9.6
659,Port Hedland,AU,2020-11-01 00:23:56,-20.32,118.57,84.2,51,0,6.93
660,Buala,SB,2020-11-01 00:22:34,-8.14,159.59,86.74,61,46,1.57
661,Altamira,BR,2020-11-01 00:21:55,-3.2,-52.21,81.37,54,47,2.13
662,Ornskoldsvik,SE,2020-11-01 00:22:31,63.29,18.72,41.0,100,95,9.17
663,Burgos,ES,2020-11-01 00:23:56,42.34,-3.71,48.99,100,0,9.17
664,Barraute,CA,2020-11-01 00:21:20,48.43,-77.63,33.01,83,40,16.11
665,Itoman,JP,2020-11-01 00:20:43,26.12,127.67,75.2,60,20,10.29
666,Zabol,AF,2020-11-01 00:23:56,32.25,67.25,32.79,82,0,1.54
667,Rochegda,RU,2020-11-01 00:23:57,62.8,43.25,29.8,98,0,1.61
668,Broome,US,2020-11-01 00:17:27,42.25,-75.83,35.01,69,1,5.82
669,Santiago De Cao,PE,2020-11-01 00:23:57,-7.96,-79.24,62.6,82,75,8.05
670,Hoi An,VN,2020-11-01 00:23:57,15.88,108.33,78.8,83,40,5.82
671,Wanning,CN,2020-11-01 00:20:37,18.8,110.4,73.22,83,39,9.26
672,Wad Rawah,SD,2020-11-01 00:23:57,15.16,33.14,82.11,20,12,8.86
673,Rio Esteban,HN,2020-11-01 00:23:57,15.83,-86.3,82.4,78,40,3.44
674,Mahibadhoo,MV,2020-11-01 00:22:14,3.78,72.97,82.17,72,80,6.15
675,Mehran,IR,2020-11-01 00:23:57,33.12,46.16,48.2,26,0,4.7
676,Mus,TR,2020-11-01 00:23:57,39.0,41.75,42.64,58,85,2.08
677,Sri Aman,MY,2020-11-01 00:21:52,1.24,111.46,75.2,94,100,1.77
678,Valdosta,US,2020-11-01 00:19:35,30.83,-83.28,68.0,77,90,10.29
679,Giyani,ZA,2020-11-01 00:23:58,-23.3,30.72,67.44,75,63,11.23
680,Vestmanna,FO,2020-11-01 00:23:58,62.16,-7.17,46.4,100,89,12.75
681,Soe,ID,2020-11-01 00:23:58,-9.86,124.28,81.55,36,85,4.0
682,Baijiantan,CN,2020-11-01 00:23:58,45.63,85.18,36.05,78,0,6.58
683,Thanh Hoa,VN,2020-11-01 00:23:58,19.8,105.77,71.69,89,59,4.63
684,Wismar,DE,2020-11-01 00:23:58,53.9,11.47,55.0,93,38,5.99
685,Peniche,PT,2020-11-01 00:18:09,39.36,-9.38,64.0,86,97,6.13
686,Lahij,YE,2020-11-01 00:23:58,13.17,44.58,72.79,67,0,5.59
687,Launceston,AU,2020-11-01 00:17:54,-41.45,147.17,68.0,63,40,4.7
688,El Tocuyo,VE,2020-11-01 00:23:58,9.79,-69.79,78.8,74,99,6.93
689,Rockport,US,2020-11-01 00:18:28,28.02,-97.05,69.8,77,1,8.05
690,Lokosovo,RU,2020-11-01 00:18:17,61.13,74.82,33.51,96,100,8.14
691,Lamu,KE,2020-11-01 00:23:59,-2.27,40.9,77.0,88,20,6.93
692,Sai Buri,TH,2020-11-01 00:23:59,6.7,101.62,77.0,94,20,4.7
693,Luanda,AO,2020-11-01 00:17:38,-8.84,13.23,77.0,88,75,5.82
694,Kholm,RU,2020-11-01 00:23:59,59.27,32.85,35.51,92,3,3.27
695,Orta Nova,IT,2020-11-01 00:23:59,41.33,15.71,51.8,100,90,5.82
696,Surt,LY,2020-11-01 00:21:12,31.21,16.59,70.18,68,41,11.92
697,Taraz,KZ,2020-11-01 00:23:59,42.9,71.37,33.8,55,6,6.71
698,Yulara,AU,2020-11-01 00:19:05,-25.24,130.99,78.8,19,0,14.99
699,Piploda,IN,2020-11-01 00:19:11,23.35,75.43,65.08,27,0,3.06
700,Naryan-Mar,RU,2020-11-01 00:20:37,67.67,53.09,33.67,91,94,13.38
701,Sabha,LY,2020-11-01 00:18:19,27.04,14.43,59.95,56,0,9.84
702,Manggar,ID,2020-11-01 00:20:42,-2.88,108.27,80.96,76,94,4.23
703,Excelsior Springs,US,2020-11-01 00:24:00,39.34,-94.23,59.0,47,1,6.93
704,Khasan,RU,2020-11-01 00:24:00,42.43,130.64,52.9,59,55,4.25
705,Adrar,MR,2020-11-01 00:18:31,20.5,-10.07,80.55,16,67,11.79
706,Namibe,AO,2020-11-01 00:17:32,-15.2,12.15,76.53,73,69,6.02
707,Cooma,AU,2020-11-01 00:24:00,-36.23,149.13,57.2,76,75,18.34
708,Mahina,PF,2020-11-01 00:24:00,-17.51,-149.49,84.2,62,75,10.29
709,Tuy Hoa,VN,2020-11-01 00:24:00,13.08,109.3,78.22,87,86,9.33
710,Missoula,US,2020-11-01 00:24:00,47.02,-113.8,48.2,57,1,2.71
711,Avera,US,2020-11-01 00:17:50,33.19,-82.53,60.8,72,90,6.93
712,Marystown,CA,2020-11-01 00:22:45,47.17,-55.15,36.0,100,29,5.99
713,Changji,CN,2020-11-01 00:24:01,44.02,87.32,35.6,59,0,2.24
714,Kabin Buri,TH,2020-11-01 00:24:01,13.95,101.72,75.92,90,65,3.78
715,Severnyy-Kospashskiy,RU,2020-11-01 00:20:06,59.09,57.8,32.0,100,100,11.83
716,Kailua,US,2020-11-01 00:21:53,21.4,-157.74,84.2,62,1,8.05
717,Tommot,RU,2020-11-01 00:21:03,58.96,126.29,-4.97,89,94,1.45
718,Carballo,ES,2020-11-01 00:24:01,43.21,-8.69,66.0,81,100,8.99
719,Yerofey Pavlovich,RU,2020-11-01 00:23:56,53.97,121.97,20.53,83,100,10.22
