City_ID,City,Lat,Lng,Max Temp,Humidity,Cloudiness,Wind Speed,Country,Current Description,Date
0,Caravelas,-17.71,-39.25,71.47,93,100,13.31,BR,moderate rain,2020-11-01 13:52:38
1,Goroka,-6.08,145.39,60.94,87,77,0.92,PG,light rain,2020-11-01 13:52:38
2,Yar-Sale,66.83,70.83,32.97,96,100,18.23,RU,overcast clouds,2020-11-01 13:52:39
3,Ushuaia,-54.8,-68.3,57.34,64,49,7.67,AR,scattered clouds,2020-11-01 13:52:39
4,Vao,-22.67,167.48,73.98,85,21,18.92,NC,few clouds,2020-11-01 13:52:39
5,Tuatapere,-46.13,167.68,50.0,71,53,11.01,NZ,broken clouds,2020-11-01 13:52:39
6,Rikitea,-23.12,-134.97,74.7,81,36,9.15,PF,scattered clouds,2020-11-01 13:52:39
7,Terrace,54.52,-128.6,44.6,100,90,17.22,CA,light rain,2020-11-01 13:52:39
8,Harper,4.38,-7.72,82.18,76,47,8.46,LR,light rain,2020-11-01 13:52:39
9,Nikolskoye,59.7,30.79,39.99,91,20,8.95,RU,mist,2020-11-01 13:52:39
10,Beasain,43.05,-2.2,69.01,64,70,4.0,ES,broken clouds,2020-11-01 13:52:39
11,Punta Arenas,-53.15,-70.92,50.0,87,75,5.82,CL,broken clouds,2020-11-01 13:52:40
12,Cape Town,-33.93,18.42,78.8,41,0,16.11,ZA,clear sky,2020-11-01 13:52:40
13,Maragogi,-9.01,-35.22,83.28,68,98,12.73,BR,overcast clouds,2020-11-01 13:52:40
14,Dunmanway,51.72,-9.12,55.99,100,75,18.34,IE,moderate rain,2020-11-01 13:52:40
15,Saint-Philippe,-21.36,55.77,75.2,57,20,8.05,RE,few clouds,2020-11-01 13:52:40
16,Sao Filipe,14.9,-24.5,81.19,66,0,6.8,CV,clear sky,2020-11-01 13:52:40
17,Tsabong,-26.02,22.4,93.96,12,0,15.21,BW,clear sky,2020-11-01 13:52:40
18,Henties Bay,-22.12,14.28,57.99,85,28,7.72,NA,scattered clouds,2020-11-01 13:52:40
19,Port Macquarie,-31.43,152.92,64.0,69,61,5.99,AU,broken clouds,2020-11-01 13:52:41
20,Kokstad,-30.55,29.42,53.92,88,100,6.17,ZA,light rain,2020-11-01 13:52:41
21,Livingstonia,-10.61,34.11,73.54,63,10,7.83,MW,light rain,2020-11-01 13:52:41
22,Chokurdakh,70.63,147.92,-1.08,93,100,8.97,RU,overcast clouds,2020-11-01 13:52:41
23,Mataura,-46.19,168.86,50.0,71,91,11.01,NZ,overcast clouds,2020-11-01 13:52:41
24,Hermanus,-34.42,19.23,78.01,54,0,7.0,ZA,clear sky,2020-11-01 13:52:41
25,Vaini,-21.2,-175.2,73.4,88,75,8.05,TO,broken clouds,2020-11-01 13:52:41
26,Albany,42.6,-73.97,42.01,77,98,1.01,US,overcast clouds,2020-11-01 13:48:16
27,Olga,43.74,135.29,46.47,74,99,5.26,RU,overcast clouds,2020-11-01 13:52:42
28,Jamestown,42.1,-79.24,46.99,75,90,10.29,US,light rain,2020-11-01 13:48:59
29,Avarua,-21.21,-159.78,75.2,83,94,9.17,CK,overcast clouds,2020-11-01 13:52:42
30,Georgetown,5.41,100.34,84.2,79,20,2.24,MY,few clouds,2020-11-01 13:52:42
31,Butaritari,3.07,172.79,82.22,74,33,11.45,KI,scattered clouds,2020-11-01 13:52:42
32,Tuktoyaktuk,69.45,-133.04,4.62,94,100,3.94,CA,overcast clouds,2020-11-01 13:52:42
33,Honiara,-9.43,159.95,75.2,100,20,3.36,SB,few clouds,2020-11-01 13:52:42
34,Mar Del Plata,-38.0,-57.56,68.0,56,0,1.95,AR,clear sky,2020-11-01 13:52:42
35,Korhogo,9.45,-5.63,94.24,25,0,6.62,CI,clear sky,2020-11-01 13:52:42
36,Nardaran,40.56,50.01,62.6,88,20,11.41,AZ,few clouds,2020-11-01 13:52:42
37,Ribeira Grande,38.52,-28.7,69.8,94,75,24.16,PT,broken clouds,2020-11-01 13:52:43
38,Road Town,18.42,-64.62,84.2,70,20,14.99,VG,few clouds,2020-11-01 13:52:43
39,Miandrivazo,-19.52,45.47,96.85,24,54,12.21,MG,broken clouds,2020-11-01 13:52:43
40,Iqaluit,63.75,-68.51,6.8,84,20,4.7,CA,few clouds,2020-11-01 13:52:43
41,Castro,-24.79,-50.01,65.44,61,72,7.27,BR,broken clouds,2020-11-01 13:52:43
42,Khatanga,71.97,102.5,-1.88,90,98,6.26,RU,overcast clouds,2020-11-01 13:52:43
43,Sitka,57.05,-135.33,46.4,93,90,6.93,US,light rain,2020-11-01 13:52:43
44,Dikson,73.51,80.55,23.22,98,97,4.07,RU,overcast clouds,2020-11-01 13:52:44
45,Bambous Virieux,-20.34,57.76,75.2,53,40,14.99,MU,scattered clouds,2020-11-01 13:52:44
46,Belaya Gora,68.53,146.42,-6.66,89,100,6.67,RU,overcast clouds,2020-11-01 13:52:44
47,Urumqi,43.8,87.6,42.8,48,0,4.47,CN,clear sky,2020-11-01 13:52:44
48,Bourail,-21.57,165.48,74.03,79,2,7.58,NC,clear sky,2020-11-01 13:52:44
49,Inta,66.03,60.17,31.01,98,100,15.9,RU,overcast clouds,2020-11-01 13:52:44
50,Hithadhoo,-0.6,73.08,83.25,76,100,13.71,MV,light rain,2020-11-01 13:52:44
51,Ormara,25.21,64.64,80.26,42,0,8.59,PK,clear sky,2020-11-01 13:52:44
52,Tukrah,32.53,20.58,71.56,61,28,11.86,LY,scattered clouds,2020-11-01 13:52:44
53,Innisfail,-17.53,146.03,71.47,82,37,3.27,AU,scattered clouds,2020-11-01 13:52:45
54,Barrow,71.29,-156.79,28.4,79,90,26.4,US,light snow,2020-11-01 13:52:45
55,Estelle,29.85,-90.11,64.0,82,1,5.82,US,haze,2020-11-01 13:52:45
56,Geraldton,-28.77,114.6,57.2,93,75,10.29,AU,broken clouds,2020-11-01 13:52:45
57,Thessalon,46.25,-83.57,33.8,80,90,13.87,CA,overcast clouds,2020-11-01 13:52:45
58,Tasiilaq,65.61,-37.64,32.0,96,100,5.82,GL,overcast clouds,2020-11-01 13:52:45
59,Kapaa,22.08,-159.32,69.8,100,1,8.05,US,clear sky,2020-11-01 13:52:45
60,Bima,-8.47,118.72,78.3,81,89,3.06,ID,overcast clouds,2020-11-01 13:52:45
61,Conceicao Do Araguaia,-8.26,-49.26,83.34,74,99,2.91,BR,light rain,2020-11-01 13:52:45
62,Busselton,-33.65,115.33,54.0,89,97,6.78,AU,overcast clouds,2020-11-01 13:52:45
63,Bredasdorp,-34.53,20.04,71.6,60,0,21.92,ZA,clear sky,2020-11-01 13:52:46
64,Hobart,-42.88,147.33,57.2,76,90,6.93,AU,overcast clouds,2020-11-01 13:51:46
65,Udachnyy,66.42,112.4,-2.2,84,0,8.95,RU,clear sky,2020-11-01 13:52:46
66,Hofn,64.25,-15.21,44.6,52,20,17.22,IS,few clouds,2020-11-01 13:52:46
67,Katsuura,35.13,140.3,62.6,63,75,3.36,JP,broken clouds,2020-11-01 13:52:46
68,Faanui,-16.48,-151.75,79.0,79,73,20.76,PF,broken clouds,2020-11-01 13:52:46
69,Diamantino,-14.41,-56.45,86.92,48,1,8.14,BR,clear sky,2020-11-01 13:52:46
70,Ust-Omchug,61.15,149.63,19.74,94,100,3.11,RU,overcast clouds,2020-11-01 13:52:46
71,Waingapu,-9.66,120.26,81.5,77,58,1.99,ID,broken clouds,2020-11-01 13:52:46
72,Kodiak,57.79,-152.41,28.4,46,1,8.05,US,clear sky,2020-11-01 13:52:46
73,Opuwo,-18.06,13.84,90.19,23,96,10.25,NA,light rain,2020-11-01 13:52:47
74,Torbay,47.67,-52.73,39.0,55,20,18.34,CA,few clouds,2020-11-01 13:52:47
75,Balkanabat,39.51,54.37,72.18,22,15,2.44,TM,few clouds,2020-11-01 13:52:47
76,Antalaha,-14.9,50.28,74.97,65,44,15.26,MG,scattered clouds,2020-11-01 13:52:47
77,Buraydah,26.33,43.98,89.6,22,0,4.7,SA,clear sky,2020-11-01 13:52:47
78,Kahului,20.89,-156.47,71.6,73,1,4.7,US,clear sky,2020-11-01 13:52:47
79,Leningradskiy,69.38,178.42,12.52,82,47,6.24,RU,scattered clouds,2020-11-01 13:52:47
80,Huarmey,-10.07,-78.15,66.16,71,76,7.81,PE,broken clouds,2020-11-01 13:52:47
81,Los Llanos De Aridane,28.66,-17.92,86.0,28,0,5.82,ES,clear sky,2020-11-01 13:52:47
82,Salamiyah,35.01,37.05,77.99,35,70,4.94,SY,broken clouds,2020-11-01 13:52:47
83,Srednekolymsk,67.45,153.68,-0.29,93,76,7.23,RU,broken clouds,2020-11-01 13:52:47
84,Maunabo,18.01,-65.9,84.99,100,98,8.01,PR,overcast clouds,2020-11-01 13:52:48
85,Saint-Joseph,-21.37,55.62,75.2,57,20,8.05,RE,few clouds,2020-11-01 13:52:48
86,Upernavik,72.79,-56.15,17.17,93,100,3.74,GL,overcast clouds,2020-11-01 13:52:48
87,Mutata,7.24,-76.44,81.52,71,68,2.84,CO,broken clouds,2020-11-01 13:52:48
88,Cabra,37.47,-4.44,78.8,41,0,4.7,ES,clear sky,2020-11-01 13:52:48
89,Camacha,33.08,-16.33,71.6,83,20,11.41,PT,few clouds,2020-11-01 13:52:48
90,Laguna,38.42,-121.42,48.2,75,1,2.3,US,clear sky,2020-11-01 13:52:48
91,Puerto Ayora,-0.74,-90.35,69.01,92,100,5.01,EC,overcast clouds,2020-11-01 13:52:48
92,Chuy,-33.7,-53.46,66.76,48,0,3.36,UY,clear sky,2020-11-01 13:52:48
93,Port Alfred,-33.59,26.89,68.16,73,65,24.29,ZA,broken clouds,2020-11-01 13:52:49
94,Aswan,24.09,32.91,89.31,15,0,11.99,EG,clear sky,2020-11-01 13:52:49
95,Charleville-Mezieres,49.77,4.72,57.99,91,100,15.01,FR,overcast clouds,2020-11-01 13:52:49
96,Ha Tinh,18.33,105.9,73.15,90,32,2.93,VN,scattered clouds,2020-11-01 13:48:55
97,Doha,25.29,51.53,91.4,51,0,9.17,QA,clear sky,2020-11-01 13:50:38
98,Jacareacanga,-6.22,-57.75,94.5,47,7,2.1,BR,moderate rain,2020-11-01 13:52:49
99,Rioja,-29.41,-66.85,74.73,26,0,6.35,AR,clear sky,2020-11-01 13:52:49
100,Beitbridge,-22.22,30.0,84.24,38,67,16.67,ZW,broken clouds,2020-11-01 13:52:49
101,Carnarvon,-24.87,113.63,68.0,68,40,13.87,AU,scattered clouds,2020-11-01 13:52:49
102,Naryan-Mar,67.67,53.09,28.99,98,92,14.38,RU,overcast clouds,2020-11-01 13:52:49
103,Villa Carlos Paz,-31.42,-64.5,73.99,39,0,3.0,AR,clear sky,2020-11-01 13:52:50
104,Esperance,-33.87,121.9,62.6,88,40,4.7,AU,light rain,2020-11-01 13:52:50
105,Zamora,-4.07,-78.96,78.48,43,95,3.18,EC,overcast clouds,2020-11-01 13:52:50
106,Longyearbyen,78.22,15.64,28.4,68,20,18.34,SJ,few clouds,2020-11-01 13:52:50
107,Lebu,-37.62,-73.65,57.88,78,0,6.33,CL,clear sky,2020-11-01 13:52:50
108,Provideniya,64.38,-173.3,22.06,86,0,2.24,RU,clear sky,2020-11-01 13:52:50
109,Yulara,-25.24,130.99,86.0,16,9,14.99,AU,clear sky,2020-11-01 13:52:50
110,Sinnamary,5.38,-52.95,86.77,62,100,9.22,GF,overcast clouds,2020-11-01 13:52:50
111,Coquimbo,-29.95,-71.34,53.6,87,90,4.7,CL,overcast clouds,2020-11-01 13:52:50
112,Moron,-34.65,-58.62,75.0,56,0,5.82,AR,clear sky,2020-11-01 13:52:51
113,Olafsvik,64.89,-23.71,40.21,77,66,6.71,IS,broken clouds,2020-11-01 13:52:51
114,Akyab,20.15,92.9,77.99,89,100,7.54,MM,very heavy rain,2020-11-01 13:52:51
115,Umm Lajj,25.02,37.27,84.56,61,1,6.96,SA,clear sky,2020-11-01 13:52:51
116,Moree,-29.47,149.85,68.0,49,0,12.12,AU,clear sky,2020-11-01 13:52:51
117,Severo-Kurilsk,50.68,156.12,40.96,78,2,6.67,RU,clear sky,2020-11-01 13:52:51
118,Sola,-13.88,167.55,80.67,82,35,19.73,VU,scattered clouds,2020-11-01 13:52:51
119,Talnakh,69.49,88.4,21.2,85,75,24.61,RU,light snow,2020-11-01 13:52:51
120,Duvan,55.7,57.9,30.42,95,47,4.07,RU,scattered clouds,2020-11-01 13:52:51
121,Naze,28.37,129.48,77.0,73,26,10.29,JP,scattered clouds,2020-11-01 13:52:52
122,East London,-33.02,27.91,69.8,64,20,18.34,ZA,few clouds,2020-11-01 13:52:14
123,New Norfolk,-42.78,147.06,57.2,76,90,6.93,AU,overcast clouds,2020-11-01 13:52:52
124,Griffith,41.53,-87.42,37.0,55,75,16.11,US,broken clouds,2020-11-01 13:52:52
125,Pacific Grove,36.62,-121.92,59.0,61,1,4.7,US,clear sky,2020-11-01 13:52:52
126,Vardo,70.37,31.11,35.6,84,75,19.46,NO,broken clouds,2020-11-01 13:52:52
127,Victoria,22.29,114.16,75.99,70,4,10.27,HK,light rain,2020-11-01 13:52:52
128,Kushmurun,52.45,64.63,40.17,77,100,5.01,KZ,overcast clouds,2020-11-01 13:52:53
129,Jerantut,3.94,102.36,76.03,89,100,0.58,MY,overcast clouds,2020-11-01 13:52:53
130,Clinton,42.59,-82.92,45.0,70,75,23.04,US,broken clouds,2020-11-01 13:50:19
131,Shetpe,44.17,52.12,61.32,27,83,7.74,KZ,broken clouds,2020-11-01 13:52:53
132,Petropavlovsk-Kamchatskiy,53.05,158.65,30.2,86,74,6.71,RU,broken clouds,2020-11-01 13:52:53
133,Lagoa,39.05,-27.98,67.86,90,70,23.87,PT,light rain,2020-11-01 13:52:53
134,Atuona,-9.8,-139.03,77.79,79,16,16.15,PF,light rain,2020-11-01 13:52:53
135,Port Shepstone,-30.74,30.45,64.22,90,100,15.7,ZA,light rain,2020-11-01 13:52:53
136,Wajir,1.75,40.06,88.97,41,27,11.41,KE,scattered clouds,2020-11-01 13:52:53
137,Namibe,-15.2,12.15,78.8,65,0,11.41,AO,clear sky,2020-11-01 13:52:54
138,Limbang,4.75,115.0,80.01,88,75,4.7,MY,broken clouds,2020-11-01 13:52:54
139,Qaanaaq,77.48,-69.36,0.59,76,0,7.05,GL,clear sky,2020-11-01 13:52:54
140,Iquique,-20.22,-70.14,62.6,72,20,10.29,CL,few clouds,2020-11-01 13:48:34
141,Necochea,-38.55,-58.74,67.42,49,0,4.88,AR,clear sky,2020-11-01 13:52:54
142,Karpathos,35.51,27.21,71.6,56,20,19.46,GR,few clouds,2020-11-01 13:52:54
143,Aykhal,66.0,111.5,-2.2,84,0,8.95,RU,clear sky,2020-11-01 13:52:54
144,Husavik,66.04,-17.34,37.4,86,90,16.11,IS,overcast clouds,2020-11-01 13:52:54
145,Salalah,17.02,54.09,82.4,65,20,9.17,OM,few clouds,2020-11-01 13:52:54
146,Bambanglipuro,-7.95,110.28,77.99,85,100,3.18,ID,overcast clouds,2020-11-01 13:52:55
147,Lincoln Village,39.95,-83.13,54.0,76,90,16.11,US,overcast clouds,2020-11-01 13:52:55
148,Boende,-0.22,20.87,81.66,74,100,2.3,CD,light rain,2020-11-01 13:52:55
149,Waipawa,-41.41,175.52,57.2,76,27,16.11,NZ,scattered clouds,2020-11-01 13:52:55
150,Evensk,61.95,159.23,21.67,93,88,7.43,RU,overcast clouds,2020-11-01 13:52:55
151,Ambilobe,-13.2,49.05,80.67,62,16,6.31,MG,few clouds,2020-11-01 13:52:55
152,Saint-Paul,-21.01,55.27,73.4,60,75,4.7,RE,broken clouds,2020-11-01 13:52:55
153,Saint-Gabriel,46.3,-73.38,39.2,64,98,20.8,CA,overcast clouds,2020-11-01 13:52:55
154,Santiago,-33.46,-70.65,75.99,59,0,2.24,CL,clear sky,2020-11-01 13:52:30
155,Uspenka,48.39,39.16,57.07,67,51,6.6,UA,broken clouds,2020-11-01 13:52:56
156,Auki,-8.77,160.7,78.3,84,100,4.16,SB,overcast clouds,2020-11-01 13:52:56
157,Airai,-8.93,125.41,62.37,100,71,2.17,TL,broken clouds,2020-11-01 13:52:56
158,Dubai,25.26,55.3,86.0,55,0,11.41,AE,clear sky,2020-11-01 13:52:56
159,Itarema,-2.92,-39.92,89.2,55,32,15.12,BR,scattered clouds,2020-11-01 13:52:56
160,Valdosta,30.83,-83.28,62.6,100,90,3.36,US,mist,2020-11-01 13:52:56
161,Pevek,69.7,170.31,14.22,89,95,15.43,RU,overcast clouds,2020-11-01 13:52:56
162,Garowe,8.41,48.48,88.59,24,0,4.03,SO,clear sky,2020-11-01 13:52:57
163,Lata,40.16,-8.33,75.99,64,74,5.61,PT,broken clouds,2020-11-01 13:52:57
164,Batagay-Alyta,67.8,130.41,-4.18,90,100,1.59,RU,overcast clouds,2020-11-01 13:52:57
165,Nelson Bay,-32.72,152.15,66.0,77,90,18.34,AU,overcast clouds,2020-11-01 13:52:57
166,Souillac,-20.52,57.52,75.2,53,40,14.99,MU,scattered clouds,2020-11-01 13:52:57
167,Biltine,14.53,20.92,87.26,22,100,14.72,TD,overcast clouds,2020-11-01 13:52:57
168,Bethel,41.37,-73.41,46.99,70,75,9.17,US,broken clouds,2020-11-01 13:52:57
169,Guerrero Negro,27.98,-114.06,62.78,81,0,1.59,MX,clear sky,2020-11-01 13:52:57
170,Rome,34.26,-85.16,55.99,93,90,3.36,US,overcast clouds,2020-11-01 13:50:43
171,Jiexiu,37.02,111.91,49.62,43,0,6.02,CN,clear sky,2020-11-01 13:52:57
172,Port Lincoln,-34.73,135.87,62.56,74,35,12.19,AU,scattered clouds,2020-11-01 13:52:58
173,Thompson,55.74,-97.86,5.0,84,75,8.86,CA,broken clouds,2020-11-01 13:51:08
174,Saskylakh,71.92,114.08,-11.29,87,76,9.64,RU,broken clouds,2020-11-01 13:52:58
175,Havre-Saint-Pierre,50.23,-63.6,33.8,69,75,8.05,CA,broken clouds,2020-11-01 13:52:58
176,Hilo,19.73,-155.09,71.6,73,1,4.7,US,clear sky,2020-11-01 13:52:58
177,Palmer,42.16,-72.33,42.01,82,90,8.05,US,mist,2020-11-01 13:52:58
178,Arraial Do Cabo,-22.97,-42.03,77.0,69,75,12.75,BR,broken clouds,2020-11-01 13:52:58
179,Mayo,38.89,-76.51,57.99,82,40,11.41,US,scattered clouds,2020-11-01 13:52:58
180,Cruz Alta,-28.64,-53.61,69.78,58,0,8.93,BR,clear sky,2020-11-01 13:52:58
181,Hinton,53.4,-117.59,39.2,64,100,3.36,CA,overcast clouds,2020-11-01 13:52:58
182,Carutapera,-1.2,-46.02,86.97,59,96,8.01,BR,overcast clouds,2020-11-01 13:52:59
183,Vila Velha,-20.33,-40.29,73.99,69,20,13.87,BR,few clouds,2020-11-01 13:49:44
184,Marsa Matruh,31.35,27.25,72.16,60,64,11.16,EG,broken clouds,2020-11-01 13:52:59
185,Vostok,46.49,135.88,33.94,100,96,3.4,RU,overcast clouds,2020-11-01 13:52:59
186,Ocampo,21.65,-101.5,52.95,44,0,7.27,MX,clear sky,2020-11-01 13:52:59
187,Bluff,-46.6,168.33,50.0,71,42,11.01,NZ,scattered clouds,2020-11-01 13:52:59
188,Baykit,61.67,96.37,14.5,93,100,4.68,RU,overcast clouds,2020-11-01 13:52:59
189,Bathsheba,13.22,-59.52,82.4,78,75,26.4,BB,broken clouds,2020-11-01 13:52:59
190,Mutoko,-17.4,32.23,82.15,30,16,10.04,ZW,few clouds,2020-11-01 13:52:59
191,Abdulino,53.7,53.67,40.93,83,84,11.61,RU,broken clouds,2020-11-01 13:52:59
192,Fortuna,40.6,-124.16,42.8,100,1,5.82,US,clear sky,2020-11-01 13:52:59
193,Petropavl,54.88,69.16,38.37,93,100,11.39,KZ,overcast clouds,2020-11-01 13:53:00
194,Hasaki,35.73,140.83,59.0,100,75,6.93,JP,broken clouds,2020-11-01 13:53:00
195,Jasper,37.2,-94.35,43.0,60,1,4.7,US,clear sky,2020-11-01 13:53:00
196,Acapulco,16.86,-99.89,77.0,83,20,4.03,MX,few clouds,2020-11-01 13:50:51
197,Mount Gambier,-37.83,140.77,50.0,93,98,5.82,AU,overcast clouds,2020-11-01 13:53:00
198,Port Pirie,-33.18,138.02,66.2,68,0,5.82,AU,clear sky,2020-11-01 13:53:00
199,Tura,25.52,90.22,71.8,94,58,2.93,IN,broken clouds,2020-11-01 13:53:00
200,Muros,42.78,-9.06,66.0,92,100,15.01,ES,overcast clouds,2020-11-01 13:53:00
201,Nome,64.5,-165.41,8.6,92,1,4.79,US,clear sky,2020-11-01 13:51:14
202,Broken Hill,-31.95,141.43,64.4,52,0,8.05,AU,clear sky,2020-11-01 13:53:01
203,Nanortalik,60.14,-45.24,31.41,88,97,24.92,GL,overcast clouds,2020-11-01 13:53:01
204,Nabire,-3.37,135.48,78.08,87,100,3.15,ID,overcast clouds,2020-11-01 13:53:01
205,Nador,35.17,-2.93,73.4,77,20,5.82,MA,few clouds,2020-11-01 13:53:01
206,Nouadhibou,20.93,-17.03,91.4,24,75,10.29,MR,sand,2020-11-01 13:53:01
207,Rio Gallegos,-51.62,-69.22,59.0,54,0,11.41,AR,clear sky,2020-11-01 13:53:01
208,Hortolandia,-22.86,-47.22,69.8,60,75,19.46,BR,broken clouds,2020-11-01 13:53:01
209,Bubaque,11.28,-15.83,84.2,66,0,5.19,GW,clear sky,2020-11-01 13:53:02
210,Hami,42.8,93.45,37.45,69,0,2.71,CN,clear sky,2020-11-01 13:53:02
211,Hualmay,-11.1,-77.61,65.82,70,40,8.72,PE,scattered clouds,2020-11-01 13:53:02
212,Avera,33.19,-82.53,55.4,89,90,9.17,US,mist,2020-11-01 13:53:02
213,Cairns,-16.92,145.77,72.0,94,52,1.12,AU,broken clouds,2020-11-01 13:52:16
214,Burnie,-41.07,145.92,48.99,86,100,1.99,AU,overcast clouds,2020-11-01 13:48:10
215,Haines Junction,60.75,-137.51,10.4,66,100,4.7,CA,overcast clouds,2020-11-01 13:53:02
216,Yantai,37.53,121.4,55.26,40,22,7.94,CN,few clouds,2020-11-01 13:53:02
217,Lixourion,38.2,20.43,73.4,83,20,8.05,GR,few clouds,2020-11-01 13:53:02
218,Egvekinot,66.32,-179.17,10.63,85,0,1.9,RU,clear sky,2020-11-01 13:53:02
219,Isangel,-19.55,169.27,75.51,82,15,13.44,VU,few clouds,2020-11-01 13:53:02
220,Yellowknife,62.46,-114.35,17.6,92,90,11.41,CA,light snow,2020-11-01 13:53:03
221,Whitehorse,60.72,-135.05,6.8,77,90,6.93,CA,light snow,2020-11-01 13:53:03
222,Kothen,51.75,11.97,60.01,89,100,3.0,DE,overcast clouds,2020-11-01 13:53:03
223,Sarangani,5.4,125.46,83.32,74,100,14.16,PH,light rain,2020-11-01 13:53:03
224,Kibaha,-6.77,38.92,80.6,74,75,8.05,TZ,broken clouds,2020-11-01 13:53:03
225,Coihaique,-45.58,-72.07,53.6,62,0,3.36,CL,clear sky,2020-11-01 13:53:03
226,Zakamensk,50.37,103.29,18.57,81,0,0.67,RU,clear sky,2020-11-01 13:53:03
227,Aras,42.56,-2.36,73.4,49,0,4.7,ES,clear sky,2020-11-01 13:53:03
228,Montepuez,-13.13,39.0,80.24,54,65,7.09,MZ,broken clouds,2020-11-01 13:53:03
229,Thunder Bay,48.4,-89.32,26.6,58,75,23.04,CA,broken clouds,2020-11-01 13:51:50
230,Yenagoa,4.92,6.26,85.24,72,98,3.91,NG,moderate rain,2020-11-01 13:53:04
231,Pendleton,45.67,-118.79,33.8,86,1,4.7,US,clear sky,2020-11-01 13:53:04
232,Kyra,49.58,111.98,17.65,83,97,11.23,RU,overcast clouds,2020-11-01 13:53:04
233,Deputatskiy,69.3,139.9,-13.5,89,100,6.17,RU,overcast clouds,2020-11-01 13:53:04
234,Banda Aceh,5.56,95.32,80.85,78,97,10.29,ID,overcast clouds,2020-11-01 13:50:34
235,Saint-Denis,48.92,2.33,66.0,88,90,18.34,FR,overcast clouds,2020-11-01 13:53:04
236,Alice Springs,-23.7,133.88,78.8,19,0,10.29,AU,clear sky,2020-11-01 13:52:40
237,Rodrigues Alves,-7.74,-72.65,81.16,55,29,4.9,BR,scattered clouds,2020-11-01 13:53:04
238,San Quintin,30.48,-115.95,64.11,63,6,5.88,MX,clear sky,2020-11-01 13:53:04
239,Broome,42.25,-75.83,45.0,80,90,12.75,US,overcast clouds,2020-11-01 13:53:04
240,Port Elizabeth,-33.92,25.57,71.6,60,0,21.92,ZA,clear sky,2020-11-01 13:53:05
241,Kargasok,59.06,80.86,35.38,98,100,11.95,RU,light rain,2020-11-01 13:53:05
242,Baghramyan,40.19,44.37,69.8,22,18,1.12,AM,few clouds,2020-11-01 13:53:05
243,Chippewa Falls,44.94,-91.39,30.2,54,90,19.46,US,overcast clouds,2020-11-01 13:51:13
244,Mehamn,71.04,27.85,38.01,82,85,16.26,NO,overcast clouds,2020-11-01 13:53:05
245,Proddatur,14.73,78.55,78.96,55,0,5.28,IN,clear sky,2020-11-01 13:53:05
246,Panaba,21.28,-88.27,76.59,89,59,10.78,MX,broken clouds,2020-11-01 13:53:05
247,Tevaitoa,-16.78,-151.5,79.7,77,22,20.69,PF,few clouds,2020-11-01 13:53:05
248,Beatrice,40.27,-96.75,33.01,74,1,5.82,US,clear sky,2020-11-01 13:51:17
249,Kaiyuan,23.7,103.3,64.33,86,48,4.16,CN,scattered clouds,2020-11-01 13:53:05
250,Cabo San Lucas,22.89,-109.91,73.0,83,40,8.05,MX,scattered clouds,2020-11-01 13:53:05
251,Inuvik,68.35,-133.72,3.2,84,100,2.24,CA,overcast clouds,2020-11-01 13:53:05
252,Chekhov,55.14,37.47,39.99,10,100,11.54,RU,moderate rain,2020-11-01 13:53:06
253,Porto Novo,6.5,2.6,87.8,70,40,12.75,BJ,scattered clouds,2020-11-01 13:53:06
254,Omboue,-1.57,9.26,75.42,94,100,8.72,GA,moderate rain,2020-11-01 13:53:06
255,Ayan,56.45,138.17,27.07,98,100,25.32,RU,snow,2020-11-01 13:53:06
256,Tabou,4.42,-7.35,82.17,76,77,8.08,CI,light rain,2020-11-01 13:53:06
257,Flinders,-34.58,150.86,62.01,79,25,4.0,AU,scattered clouds,2020-11-01 13:53:06
258,Gushikawa,26.35,127.87,73.4,88,1,4.7,JP,clear sky,2020-11-01 13:53:06
259,Sidney,-33.87,151.21,62.01,92,41,1.01,AU,scattered clouds,2020-11-01 13:48:29
260,Luau,-10.71,22.22,68.94,78,73,1.45,AO,moderate rain,2020-11-01 13:53:06
261,Teknaf,20.86,92.31,76.51,91,100,9.6,BD,light rain,2020-11-01 13:53:06
262,Kailua,21.4,-157.74,73.4,88,1,4.5,US,clear sky,2020-11-01 13:53:06
263,Lorengau,-2.02,147.27,83.03,77,19,8.08,PG,few clouds,2020-11-01 13:53:07
264,Ostrovnoy,68.05,39.51,34.23,90,87,15.64,RU,overcast clouds,2020-11-01 13:53:07
265,Brainerd,46.36,-94.2,24.8,58,75,16.11,US,broken clouds,2020-11-01 13:53:07
266,Maragheh,37.39,46.24,73.4,17,0,2.24,IR,clear sky,2020-11-01 13:53:07
267,Peniche,39.36,-9.38,69.01,84,99,8.99,PT,overcast clouds,2020-11-01 13:48:19
268,Sao Paulo De Olivenca,-3.38,-68.87,80.15,73,100,2.04,BR,overcast clouds,2020-11-01 13:53:07
269,Portland,45.52,-122.68,44.01,93,1,3.36,US,clear sky,2020-11-01 13:50:44
270,Cherskiy,68.75,161.3,7.56,91,100,7.2,RU,overcast clouds,2020-11-01 13:53:07
271,Agucadoura,41.43,-8.78,64.4,93,90,14.99,PT,overcast clouds,2020-11-01 13:53:07
272,Komsomolskiy,40.43,71.72,51.8,25,0,2.24,UZ,haze,2020-11-01 13:53:07
273,Bandarbeyla,9.49,50.81,78.91,71,0,19.17,SO,clear sky,2020-11-01 13:53:08
274,Pisco,-13.7,-76.22,62.6,88,90,5.82,PE,mist,2020-11-01 13:53:08
275,Artvin,41.17,41.83,68.0,82,0,8.05,TR,clear sky,2020-11-01 13:53:08
276,Fare,-16.7,-151.02,79.77,78,9,19.33,PF,clear sky,2020-11-01 13:53:08
277,Mahebourg,-20.41,57.7,75.2,53,40,14.99,MU,scattered clouds,2020-11-01 13:53:08
278,Asau,46.43,26.4,55.0,71,0,10.29,RO,clear sky,2020-11-01 13:53:08
279,Mecca,21.43,39.83,87.8,46,3,14.97,SA,clear sky,2020-11-01 13:53:08
280,Vaiano,43.95,11.12,63.0,82,75,2.24,IT,broken clouds,2020-11-01 13:53:08
281,Hauge,58.34,6.28,51.01,89,100,23.58,NO,light rain,2020-11-01 13:53:08
282,Itoman,26.12,127.67,73.4,78,20,1.12,JP,few clouds,2020-11-01 13:51:09
283,Pouebo,-20.4,164.57,74.91,82,20,11.32,NC,few clouds,2020-11-01 13:53:08
284,Havoysund,71.0,24.66,39.2,80,0,35.57,NO,clear sky,2020-11-01 13:53:08
285,Coronado,32.69,-117.18,60.8,72,1,2.51,US,clear sky,2020-11-01 13:53:09
286,Faya,18.39,42.45,77.0,43,20,6.93,SA,few clouds,2020-11-01 13:53:09
287,San Rafael,-34.62,-68.33,77.29,20,0,11.27,AR,clear sky,2020-11-01 13:53:09
288,Salumbar,24.13,74.05,73.4,46,3,3.98,IN,haze,2020-11-01 13:53:09
289,Cidreira,-30.18,-50.21,66.58,65,47,7.99,BR,scattered clouds,2020-11-01 13:53:09
290,Nuristan,35.3,70.83,24.33,70,0,6.44,AF,clear sky,2020-11-01 13:53:09
291,Ponta Do Sol,32.67,-17.1,75.99,78,20,8.05,PT,few clouds,2020-11-01 13:53:09
292,Rocha,-34.48,-54.33,66.45,44,0,6.44,UY,clear sky,2020-11-01 13:53:09
293,Mountain Home,43.13,-115.69,26.6,92,1,6.93,US,clear sky,2020-11-01 13:53:09
294,San Patricio,28.02,-97.52,66.0,100,20,5.82,US,few clouds,2020-11-01 13:53:10
295,Ahipara,-35.17,173.17,58.87,90,77,4.09,NZ,broken clouds,2020-11-01 13:53:10
296,Rucheng,32.39,120.56,66.0,76,59,1.03,CN,broken clouds,2020-11-01 13:53:10
297,San Cristobal,7.77,-72.22,75.2,100,75,4.7,VE,moderate rain,2020-11-01 13:53:10
298,Bin Qirdan,33.14,11.22,73.13,57,36,9.73,TN,scattered clouds,2020-11-01 13:53:10
299,Lavrentiya,65.58,-171.0,22.03,89,0,5.73,RU,clear sky,2020-11-01 13:53:10
300,Ostersund,63.18,14.64,46.99,93,90,18.34,SE,overcast clouds,2020-11-01 13:50:08
301,Skeldon,5.88,-57.13,88.72,59,50,7.54,GY,light rain,2020-11-01 13:53:10
302,Dumai,1.68,101.45,77.38,85,100,2.64,ID,heavy intensity rain,2020-11-01 13:53:10
303,Ayabaca,-4.64,-79.71,64.62,57,39,2.91,PE,scattered clouds,2020-11-01 13:53:10
304,Sao Gabriel Da Cachoeira,-0.13,-67.09,73.09,96,100,1.54,BR,overcast clouds,2020-11-01 13:53:11
305,Pochutla,15.74,-96.47,75.99,73,5,1.72,MX,clear sky,2020-11-01 13:53:11
306,Mastic Beach,40.77,-72.85,44.6,70,75,14.76,US,broken clouds,2020-11-01 13:53:11
307,Fort Nelson,58.81,-122.7,17.6,78,75,9.17,CA,broken clouds,2020-11-01 13:53:11
308,Kathu,7.92,98.33,84.99,83,20,6.93,TH,light rain,2020-11-01 13:53:11
309,Meulaboh,4.14,96.13,77.74,86,100,4.83,ID,overcast clouds,2020-11-01 13:53:11
310,Margate,51.38,1.39,62.01,82,69,8.99,GB,broken clouds,2020-11-01 13:51:24
311,Namatanai,-3.67,152.43,81.07,80,82,6.2,PG,light rain,2020-11-01 13:53:11
312,Oranjemund,-28.55,16.43,73.33,40,0,21.61,NA,clear sky,2020-11-01 13:53:11
313,Ballina,-28.87,153.57,64.99,88,18,4.7,AU,few clouds,2020-11-01 13:53:12
314,Inirida,3.87,-67.92,72.77,98,100,2.71,CO,moderate rain,2020-11-01 13:53:12
315,Ginda,30.69,78.49,68.0,82,20,3.36,IN,haze,2020-11-01 13:53:12
316,Marawi,8.0,124.29,75.99,86,100,5.01,PH,overcast clouds,2020-11-01 13:53:12
317,Islamkot,24.7,70.18,85.78,17,0,3.51,PK,clear sky,2020-11-01 13:53:12
318,Korla,41.76,86.15,43.79,56,0,3.31,CN,clear sky,2020-11-01 13:53:12
319,Torrington,41.8,-73.12,43.0,93,100,11.39,US,overcast clouds,2020-11-01 13:51:16
320,Luderitz,-26.65,15.16,76.35,36,0,22.17,NA,clear sky,2020-11-01 13:53:12
321,Campos Altos,-19.7,-46.17,69.08,72,100,6.06,BR,overcast clouds,2020-11-01 13:53:12
322,Matai,-8.3,31.52,73.4,56,75,8.05,TZ,broken clouds,2020-11-01 13:53:12
323,Pacureti,45.15,26.13,54.0,50,56,4.0,RO,broken clouds,2020-11-01 13:53:12
324,Huaihua,27.55,109.96,55.17,88,100,4.38,CN,overcast clouds,2020-11-01 13:53:13
325,Barra Patuca,15.8,-84.28,80.17,85,100,12.03,HN,moderate rain,2020-11-01 13:53:13
326,Narsaq,60.92,-46.05,24.8,85,75,2.24,GL,light snow,2020-11-01 13:53:13
327,Sarkand,45.41,79.92,45.37,52,75,3.62,KZ,broken clouds,2020-11-01 13:53:13
328,Pangody,65.85,74.49,31.03,98,94,19.89,RU,overcast clouds,2020-11-01 13:53:13
329,Pokhara,28.23,83.98,66.58,69,79,4.5,NP,broken clouds,2020-11-01 13:53:13
330,Mitu,1.2,-70.17,76.91,86,97,3.65,CO,moderate rain,2020-11-01 13:53:13
331,Port Hardy,50.7,-127.42,50.0,87,90,2.24,CA,overcast clouds,2020-11-01 13:53:13
332,Tomatlan,19.93,-105.25,75.33,89,80,2.84,MX,broken clouds,2020-11-01 13:53:13
333,Tavda,58.04,65.27,31.5,95,91,8.32,RU,overcast clouds,2020-11-01 13:53:14
334,Rawson,-43.3,-65.1,83.86,16,0,10.45,AR,clear sky,2020-11-01 13:53:14
335,Kavieng,-2.57,150.8,83.57,76,88,8.5,PG,light rain,2020-11-01 13:53:14
336,Ayagoz,47.97,80.44,30.99,93,9,2.93,KZ,clear sky,2020-11-01 13:53:14
337,Aksu,41.12,80.26,45.01,49,33,1.9,CN,scattered clouds,2020-11-01 13:53:14
338,Skowhegan,44.77,-69.72,39.0,86,75,8.05,US,moderate rain,2020-11-01 13:53:14
339,Alghero,40.56,8.32,69.8,68,40,8.05,IT,scattered clouds,2020-11-01 13:53:14
340,Atasu,48.68,71.64,40.55,56,96,2.71,KZ,overcast clouds,2020-11-01 13:53:14
341,Vestmannaeyjar,63.44,-20.27,39.2,80,0,16.11,IS,clear sky,2020-11-01 13:53:14
342,Rosarito,32.33,-117.03,66.0,36,1,8.05,MX,clear sky,2020-11-01 13:53:14
343,Dukat,62.55,155.55,10.69,91,0,5.64,RU,clear sky,2020-11-01 13:53:15
344,Anshun,26.25,105.93,49.32,76,100,12.15,CN,overcast clouds,2020-11-01 13:53:15
345,College,64.86,-147.8,1.99,83,40,2.15,US,scattered clouds,2020-11-01 13:53:15
346,Pathein,16.78,94.73,77.94,90,96,3.24,MM,overcast clouds,2020-11-01 13:53:15
347,Kapit,2.02,112.93,75.67,92,100,1.59,MY,moderate rain,2020-11-01 13:53:15
348,Port Blair,11.67,92.75,81.43,80,3,2.57,IN,heavy intensity rain,2020-11-01 13:53:15
349,Palauig,15.44,119.9,79.23,82,100,15.01,PH,light rain,2020-11-01 13:53:15
350,Norman Wells,65.28,-126.83,3.2,84,75,18.34,CA,light snow,2020-11-01 13:53:15
351,Saint George,37.1,-113.58,44.6,26,1,3.36,US,clear sky,2020-11-01 13:53:15
352,Labuhan,-6.88,112.21,79.79,78,78,2.19,ID,broken clouds,2020-11-01 13:53:16
353,Jibuti,11.5,42.5,87.8,55,1,11.41,DJ,clear sky,2020-11-01 13:53:16
354,Kedrovyy,56.17,91.82,33.8,86,0,6.71,RU,clear sky,2020-11-01 13:53:16
355,Indiaroba,-11.52,-37.51,85.8,59,99,6.02,BR,overcast clouds,2020-11-01 13:53:16
356,Kyshtovka,56.55,76.63,36.03,94,100,10.42,RU,light rain,2020-11-01 13:53:16
357,Kaitangata,-46.28,169.85,48.99,61,91,13.0,NZ,overcast clouds,2020-11-01 13:53:16
358,Bengkulu,-3.8,102.27,77.0,86,100,3.83,ID,overcast clouds,2020-11-01 13:53:16
359,Makakilo City,21.35,-158.09,71.6,83,1,3.36,US,clear sky,2020-11-01 13:53:16
360,Okhotsk,59.38,143.3,17.91,87,100,14.41,RU,overcast clouds,2020-11-01 13:53:18
361,Maumere,-8.62,122.21,81.45,76,59,5.84,ID,broken clouds,2020-11-01 13:53:18
362,Morro Bay,35.37,-120.85,61.0,87,1,4.07,US,clear sky,2020-11-01 13:53:18
363,Kaoma,-14.78,24.8,95.07,12,85,5.44,ZM,overcast clouds,2020-11-01 13:53:18
364,Bol,13.46,14.71,87.91,37,79,12.93,TD,broken clouds,2020-11-01 13:53:18
365,Kyaikto,17.3,97.02,79.56,83,82,4.72,MM,broken clouds,2020-11-01 13:53:18
366,Wufeng,27.45,104.83,42.76,78,100,2.71,CN,overcast clouds,2020-11-01 13:51:03
367,Klaksvik,62.23,-6.59,42.8,93,75,17.22,FO,broken clouds,2020-11-01 13:53:18
368,Dunedin,-45.87,170.5,48.99,75,100,10.09,NZ,overcast clouds,2020-11-01 13:53:05
369,Shache,38.42,77.24,45.25,52,0,6.73,CN,clear sky,2020-11-01 13:52:44
370,Katima Mulilo,-17.5,24.27,98.29,14,47,8.81,NA,scattered clouds,2020-11-01 13:53:18
371,Basco,20.45,121.97,80.11,80,100,26.66,PH,heavy intensity rain,2020-11-01 13:53:18
372,Kinarut,5.82,116.05,82.4,83,20,6.93,MY,few clouds,2020-11-01 13:53:19
373,West Fargo,46.88,-96.9,21.2,79,1,10.29,US,clear sky,2020-11-01 13:53:19
374,Arman,59.7,150.17,31.26,96,100,5.73,RU,overcast clouds,2020-11-01 13:53:19
375,Ucluelet,48.93,-125.55,39.99,98,8,4.99,CA,clear sky,2020-11-01 13:51:28
376,Praya,14.92,-23.51,84.2,54,40,21.92,CV,scattered clouds,2020-11-01 13:53:19
377,Amga,60.9,131.96,-11.69,88,33,1.95,RU,scattered clouds,2020-11-01 13:53:19
378,Acarau,-2.89,-40.12,89.8,53,19,14.67,BR,few clouds,2020-11-01 13:53:19
379,Ambulu,-8.35,113.61,77.05,86,21,2.62,ID,few clouds,2020-11-01 13:53:19
380,Maniitsoq,65.42,-52.9,21.65,96,100,8.81,GL,light snow,2020-11-01 13:53:19
381,Tiznit,29.58,-9.5,83.46,15,0,11.07,MA,clear sky,2020-11-01 13:53:19
382,Atherton,53.52,-2.49,55.99,62,86,3.0,GB,overcast clouds,2020-11-01 13:53:20
383,Saldanha,-33.01,17.94,86.0,15,0,12.75,ZA,clear sky,2020-11-01 13:53:20
384,Clyde River,70.47,-68.59,14.0,85,90,14.99,CA,overcast clouds,2020-11-01 13:53:20
385,Sistranda,63.73,8.83,55.4,66,75,21.92,NO,broken clouds,2020-11-01 13:53:20
386,Nizwa,22.93,57.53,74.43,19,0,2.86,OM,clear sky,2020-11-01 13:53:20
387,Buala,-8.14,159.59,81.36,78,100,4.09,SB,moderate rain,2020-11-01 13:53:20
388,Lazaro Cardenas,17.96,-102.2,77.49,70,72,4.18,MX,broken clouds,2020-11-01 13:53:20
389,Hun,29.13,15.95,74.79,39,83,11.16,LY,broken clouds,2020-11-01 13:53:20
390,Grindavik,63.84,-22.43,41.0,86,20,14.99,IS,few clouds,2020-11-01 13:53:20
391,Ulkan,57.24,107.32,15.48,87,0,1.32,RU,clear sky,2020-11-01 13:53:20
392,Calbuco,-41.77,-73.13,57.2,76,40,3.36,CL,scattered clouds,2020-11-01 13:53:21
393,Hopkinsville,36.87,-87.49,50.0,87,0,1.99,US,clear sky,2020-11-01 13:50:10
394,Westport,41.14,-73.36,52.0,57,1,18.34,US,clear sky,2020-11-01 13:53:21
395,Antofagasta,-23.65,-70.4,71.01,72,75,10.29,CL,broken clouds,2020-11-01 13:51:17
396,Lamont,35.26,-118.91,55.4,37,1,0.69,US,clear sky,2020-11-01 13:52:44
397,Jalu,29.03,21.55,77.5,33,0,10.87,LY,clear sky,2020-11-01 13:53:21
398,Dogondoutchi,13.64,4.03,96.91,11,0,10.65,NE,clear sky,2020-11-01 13:53:21
399,Gat,31.61,34.76,78.01,28,41,3.0,IL,scattered clouds,2020-11-01 13:52:04
400,Diapaga,12.07,1.79,98.71,13,15,10.11,BF,few clouds,2020-11-01 13:53:21
401,Tiksi,71.69,128.87,-6.74,89,1,7.25,RU,clear sky,2020-11-01 13:53:21
402,Vysokogornyy,50.12,139.15,32.27,96,98,1.19,RU,overcast clouds,2020-11-01 13:53:21
403,Capilla De Guadalupe,20.83,-102.58,55.4,51,47,4.36,MX,scattered clouds,2020-11-01 13:53:22
404,Nishihara,26.18,127.76,73.4,73,20,10.58,JP,few clouds,2020-11-01 13:53:22
405,Ust-Nera,64.57,143.2,-13.18,80,42,3.83,RU,scattered clouds,2020-11-01 13:53:22
406,Chunoyar,57.45,97.32,23.2,96,100,5.21,RU,light snow,2020-11-01 13:53:22
407,Kirn,49.78,7.45,61.0,100,75,17.22,DE,light intensity drizzle,2020-11-01 13:53:22
408,Lumphat,13.49,106.98,74.21,82,28,6.89,KH,scattered clouds,2020-11-01 13:53:22
409,Tanda,26.55,82.65,75.25,32,23,4.9,IN,few clouds,2020-11-01 13:53:22
410,Hambantota,6.12,81.12,81.36,79,3,15.05,LK,light rain,2020-11-01 13:53:22
411,Ketchikan,55.34,-131.65,53.6,100,90,16.11,US,moderate rain,2020-11-01 13:53:22
412,Monrovia,6.3,-10.8,83.48,74,42,8.21,LR,light rain,2020-11-01 13:50:18
413,Karratha,-20.74,116.85,71.62,80,0,9.95,AU,clear sky,2020-11-01 13:53:23
414,Sao Joao Da Barra,-21.64,-41.05,75.2,69,75,13.87,BR,broken clouds,2020-11-01 13:53:23
415,Songjianghe,42.19,127.48,31.48,89,8,6.02,CN,clear sky,2020-11-01 13:53:23
416,Waitara,-38.92,174.25,50.0,90,100,3.0,NZ,overcast clouds,2020-11-01 13:53:23
417,Vanimo,-2.67,141.3,79.81,84,51,5.95,PG,light rain,2020-11-01 13:53:23
418,Richards Bay,-28.78,32.04,63.88,84,100,5.84,ZA,overcast clouds,2020-11-01 13:53:23
419,Igarka,67.47,86.58,24.26,98,100,21.79,RU,snow,2020-11-01 13:53:23
420,Kavaratti,10.57,72.64,82.74,67,0,3.06,IN,clear sky,2020-11-01 13:53:23
421,Manicore,-5.81,-61.3,80.47,78,96,3.4,BR,light rain,2020-11-01 13:53:23
422,Kupang,-10.17,123.58,81.48,76,62,8.57,ID,broken clouds,2020-11-01 13:53:23
423,Sherghati,24.57,84.78,80.6,57,0,3.53,IN,haze,2020-11-01 13:53:24
424,Dandong,40.13,124.39,42.85,55,0,5.28,CN,clear sky,2020-11-01 13:53:24
425,Lenine,45.3,35.78,57.83,68,40,17.0,UA,scattered clouds,2020-11-01 13:53:24
426,Bereda,43.27,-7.54,66.99,86,100,17.0,ES,overcast clouds,2020-11-01 13:53:24
427,Visnes,59.36,5.22,50.0,87,75,23.04,NO,moderate rain,2020-11-01 13:53:24
428,Caconda,-13.73,15.07,77.63,42,88,4.94,AO,overcast clouds,2020-11-01 13:53:24
429,Omaruru,-21.43,15.93,97.05,10,0,13.85,NA,clear sky,2020-11-01 13:53:24
430,Fevik,58.38,8.68,52.0,87,75,9.17,NO,light intensity shower rain,2020-11-01 13:53:24
431,Cockburn Town,21.46,-71.14,78.8,78,40,6.93,TC,scattered clouds,2020-11-01 13:53:24
432,Salinopolis,-0.61,-47.36,86.22,64,29,10.38,BR,scattered clouds,2020-11-01 13:53:24
433,Baglan,36.13,68.71,48.18,52,0,0.72,AF,clear sky,2020-11-01 13:53:24
434,Chumphon,10.33,98.83,78.8,94,75,0.65,TH,light rain,2020-11-01 13:53:25
435,Barth,54.36,12.72,59.0,82,75,8.05,DE,broken clouds,2020-11-01 13:53:25
436,Santiago Del Estero,-27.8,-64.26,77.49,35,0,8.66,AR,clear sky,2020-11-01 13:53:25
437,Hoa Binh,20.81,105.34,77.0,78,100,5.82,VN,mist,2020-11-01 13:53:25
438,Grahamstown,-33.3,26.53,67.03,66,66,20.76,ZA,broken clouds,2020-11-01 13:53:25
439,Moirang,24.5,93.77,66.94,92,100,2.62,IN,overcast clouds,2020-11-01 13:53:25
440,Owando,-0.48,15.9,81.32,87,84,2.82,CG,moderate rain,2020-11-01 13:53:25
441,Santa Cruz,-17.8,-63.17,82.4,23,40,17.22,BO,scattered clouds,2020-11-01 13:49:23
442,Shaowu,27.34,117.48,64.81,76,99,2.8,CN,overcast clouds,2020-11-01 13:53:25
443,Miri,4.41,114.01,78.8,94,40,5.82,MY,light rain,2020-11-01 13:48:57
444,Kieta,-6.22,155.63,79.83,72,0,1.57,PG,clear sky,2020-11-01 13:53:26
445,Bilibino,68.05,166.44,5.09,83,100,1.66,RU,overcast clouds,2020-11-01 13:53:26
446,Mega,4.05,38.3,65.23,80,86,14.38,ET,overcast clouds,2020-11-01 13:53:26
447,Lompoc,34.64,-120.46,53.6,57,1,6.93,US,clear sky,2020-11-01 13:53:26
448,Misratah,32.38,15.09,72.79,52,0,10.29,LY,clear sky,2020-11-01 13:53:26
449,Siderno,38.28,16.3,71.01,64,0,18.34,IT,clear sky,2020-11-01 13:53:26
450,Sohag,26.56,31.69,85.15,34,0,13.78,EG,clear sky,2020-11-01 13:53:26
451,Dingle,11.0,122.67,75.65,88,100,5.77,PH,overcast clouds,2020-11-01 13:53:26
452,Poum,-20.23,164.02,77.49,79,1,17.07,NC,clear sky,2020-11-01 13:53:26
453,Norfolk,42.17,-71.25,45.0,87,75,6.2,US,mist,2020-11-01 13:53:26
454,Walvis Bay,-22.96,14.51,66.2,55,0,9.17,NA,clear sky,2020-11-01 13:53:26
455,Qasigiannguit,68.82,-51.19,19.4,62,100,12.75,GL,overcast clouds,2020-11-01 13:53:27
456,Buchanan,5.88,-10.05,82.81,79,29,7.29,LR,light rain,2020-11-01 13:53:27
457,Whitehaven,54.55,-3.58,50.0,86,100,11.99,GB,light rain,2020-11-01 13:53:27
458,Laytown,53.68,-6.24,55.0,81,75,14.99,IE,light rain,2020-11-01 13:53:27
459,Kamaishi,39.27,141.88,56.89,78,92,11.99,JP,overcast clouds,2020-11-01 13:53:27
460,San Jose,37.34,-121.89,57.0,66,1,1.21,US,clear sky,2020-11-01 13:52:43
461,Bose,45.46,8.01,64.0,73,46,1.3,IT,scattered clouds,2020-11-01 13:53:27
462,Walla Walla,46.06,-118.34,35.6,80,1,5.82,US,clear sky,2020-11-01 13:50:45
463,Kulhudhuffushi,6.62,73.07,83.08,70,22,6.85,MV,few clouds,2020-11-01 13:53:27
464,San Pedro,14.35,121.02,77.0,94,90,12.75,PH,overcast clouds,2020-11-01 13:53:27
465,Contamana,-7.33,-75.02,81.63,54,100,4.32,PE,overcast clouds,2020-11-01 13:53:27
466,Quatre Cocos,-20.21,57.76,75.2,53,40,14.99,MU,scattered clouds,2020-11-01 13:53:28
467,Nogales,31.31,-110.94,57.2,28,1,3.36,MX,clear sky,2020-11-01 13:51:59
468,Ohara,35.25,140.38,62.6,100,75,6.93,JP,light rain,2020-11-01 13:53:28
469,Varzelandia,-15.7,-44.03,72.88,86,100,4.5,BR,overcast clouds,2020-11-01 13:53:28
470,Dhidhdhoo,6.88,73.1,83.19,70,35,6.89,MV,scattered clouds,2020-11-01 13:53:28
471,Minchinabad,30.16,73.57,72.72,18,0,4.43,PK,clear sky,2020-11-01 13:53:28
472,Dzhebariki-Khaya,62.22,135.8,-9.29,88,0,1.45,RU,clear sky,2020-11-01 13:53:28
473,Sale,34.04,-6.82,73.99,68,0,9.17,MA,clear sky,2020-11-01 13:51:34
474,Liepaja,56.54,21.04,51.8,66,0,10.29,LV,clear sky,2020-11-01 13:53:28
475,Sorong,-0.88,131.25,82.11,78,100,3.18,ID,heavy intensity rain,2020-11-01 13:51:35
476,Nakanojo,36.58,138.85,52.0,89,100,2.15,JP,light rain,2020-11-01 13:53:28
477,Laurel,39.1,-76.85,51.01,81,75,12.86,US,broken clouds,2020-11-01 13:50:17
478,Bonavista,48.65,-53.11,37.0,50,8,8.05,CA,clear sky,2020-11-01 13:49:35
479,Acajutla,13.59,-89.83,84.2,54,0,3.36,SV,clear sky,2020-11-01 13:50:51
480,Cuiluan,47.72,128.65,29.61,91,10,6.82,CN,clear sky,2020-11-01 13:53:29
481,Popondetta,-8.75,148.25,75.61,82,2,2.68,PG,clear sky,2020-11-01 13:53:29
482,Bonthe,7.53,-12.51,85.82,65,64,8.79,SL,broken clouds,2020-11-01 13:53:29
483,Jiwani,25.05,61.74,77.59,51,0,15.43,PK,clear sky,2020-11-01 13:53:29
484,Anadyr,64.75,177.48,8.6,84,20,6.71,RU,few clouds,2020-11-01 13:53:29
485,Luang Prabang,19.89,102.13,75.88,74,26,0.76,LA,scattered clouds,2020-11-01 13:53:29
486,Biak,-0.91,122.88,77.85,63,92,4.61,ID,overcast clouds,2020-11-01 13:53:29
487,Mahibadhoo,3.78,72.97,82.94,71,42,6.46,MV,scattered clouds,2020-11-01 13:53:29
488,Panzhihua,26.59,101.71,70.74,70,65,0.89,CN,light rain,2020-11-01 13:53:29
489,Kjopsvik,68.1,16.37,50.0,76,75,9.17,NO,broken clouds,2020-11-01 13:53:29
490,Pushkino,56.02,37.87,41.0,80,75,13.42,RU,moderate rain,2020-11-01 13:53:30
491,Rebrikha,53.07,82.34,30.72,97,0,8.59,RU,clear sky,2020-11-01 13:53:30
492,Mormugao,15.4,73.8,82.4,83,20,4.7,IN,mist,2020-11-01 13:53:30
493,Zalantun,48.0,122.72,27.54,86,88,13.33,CN,overcast clouds,2020-11-01 13:53:30
494,Usinsk,65.99,57.53,28.94,96,92,14.12,RU,overcast clouds,2020-11-01 13:53:30
495,Pastavy,55.12,26.83,46.02,81,39,4.36,BY,scattered clouds,2020-11-01 13:53:30
496,Tucuma,-0.18,-50.05,90.41,52,3,6.08,BR,clear sky,2020-11-01 13:53:30
497,Vulcan,45.38,23.27,47.37,57,0,2.84,RO,clear sky,2020-11-01 13:53:30
498,Olinda,-8.01,-34.86,84.2,66,40,11.41,BR,scattered clouds,2020-11-01 13:53:30
499,Tiarei,-17.53,-149.33,75.2,83,30,5.82,PF,light rain,2020-11-01 13:53:30
500,Balta,47.94,29.62,47.12,85,100,13.49,UA,overcast clouds,2020-11-01 13:53:31
501,Willowmore,-33.29,23.49,76.41,22,0,12.1,ZA,clear sky,2020-11-01 13:53:31
502,Barras,-4.24,-42.29,97.65,37,56,5.39,BR,broken clouds,2020-11-01 13:53:31
503,Puerto El Triunfo,13.28,-88.55,80.6,100,0,4.92,SV,clear sky,2020-11-01 13:53:31
504,Aklavik,68.22,-135.01,3.2,84,100,2.24,CA,overcast clouds,2020-11-01 13:53:31
505,Qeshm,26.96,56.27,84.2,54,0,9.17,IR,clear sky,2020-11-01 13:53:31
506,Ancud,-41.87,-73.82,66.99,62,0,5.82,CL,clear sky,2020-11-01 13:53:31
507,Marsh Harbour,26.54,-77.06,80.82,80,4,14.2,BS,clear sky,2020-11-01 13:53:31
508,Ladybrand,-29.19,27.46,54.81,75,100,13.6,ZA,overcast clouds,2020-11-01 13:53:31
509,Paka,4.64,103.44,82.4,88,100,2.24,MY,moderate rain,2020-11-01 13:53:31
510,Kruisfontein,-34.0,24.73,70.43,64,21,21.77,ZA,few clouds,2020-11-01 13:53:32
511,Bara,10.37,10.73,95.92,18,23,9.66,NG,few clouds,2020-11-01 13:53:32
512,Pacifica,37.61,-122.49,59.0,71,20,5.82,US,few clouds,2020-11-01 13:53:32
513,The Valley,18.22,-63.06,84.2,66,20,17.22,AI,few clouds,2020-11-01 13:53:32
514,Mathbaria,22.29,89.96,76.23,94,100,4.63,BD,overcast clouds,2020-11-01 13:53:32
515,Birao,10.28,22.79,95.58,23,0,8.34,CF,clear sky,2020-11-01 13:53:32
516,Hirara,24.8,125.28,77.14,74,0,17.09,JP,clear sky,2020-11-01 13:53:32
517,Constitucion,-35.33,-72.42,61.29,68,62,4.05,CL,broken clouds,2020-11-01 13:53:32
518,Hudson Bay,52.85,-102.38,24.87,92,100,9.26,CA,overcast clouds,2020-11-01 13:53:32
519,Nuuk,64.18,-51.72,21.2,79,100,4.7,GL,light snow,2020-11-01 13:53:33
520,Binzhou,37.37,118.02,55.99,47,51,5.59,CN,broken clouds,2020-11-01 13:53:33
521,Chichigalpa,12.58,-87.03,73.4,100,40,3.56,NI,mist,2020-11-01 13:53:33
522,Vanino,49.09,140.25,39.25,81,50,3.62,RU,scattered clouds,2020-11-01 13:53:33
523,Mnogovershinnyy,53.94,139.92,33.06,100,99,2.26,RU,overcast clouds,2020-11-01 13:53:33
524,Krasnovishersk,60.41,57.08,30.25,96,92,3.58,RU,overcast clouds,2020-11-01 13:53:33
525,Corner Brook,48.97,-57.95,39.2,64,75,14.99,CA,broken clouds,2020-11-01 13:53:33
526,Kibala,9.11,18.35,89.6,59,40,3.69,TD,thunderstorm with light rain,2020-11-01 13:53:33
527,Mandera,3.94,41.87,89.33,45,94,5.32,KE,overcast clouds,2020-11-01 13:53:33
528,Fairbanks,64.84,-147.72,1.99,76,1,2.15,US,haze,2020-11-01 13:52:42
529,Kalakamati,-20.59,27.31,77.0,50,75,16.11,BW,broken clouds,2020-11-01 13:53:34
530,Caborca,30.58,-111.1,66.25,26,89,4.25,MX,overcast clouds,2020-11-01 13:53:34
531,Kenitra,34.26,-6.58,71.6,68,0,9.17,MA,clear sky,2020-11-01 13:53:34
532,Alofi,-19.06,-169.92,75.2,94,42,11.41,NU,scattered clouds,2020-11-01 13:53:34
533,Nyurba,63.28,118.33,1.94,93,3,6.82,RU,clear sky,2020-11-01 13:53:34
534,Manaquiri,-3.32,-60.35,77.0,83,75,6.93,BR,broken clouds,2020-11-01 13:53:34
535,Rapid Valley,44.06,-103.15,33.01,68,1,5.82,US,clear sky,2020-11-01 13:48:51
536,Urengoy,65.97,78.37,29.71,98,92,15.61,RU,overcast clouds,2020-11-01 13:53:34
537,Salym,60.06,71.48,30.51,98,87,8.41,RU,overcast clouds,2020-11-01 13:53:34
538,Balao,-2.92,-79.82,73.8,81,87,3.78,EC,overcast clouds,2020-11-01 13:53:34
539,Moose Factory,51.26,-80.61,35.6,100,90,5.82,CA,mist,2020-11-01 13:53:35
540,Cabedelo,-6.98,-34.83,86.0,70,75,10.29,BR,broken clouds,2020-11-01 13:53:35
541,Bekhtery,46.25,32.29,50.0,87,75,6.71,UA,light intensity shower rain,2020-11-01 13:53:35
542,Pelym,61.01,62.0,27.95,97,0,5.97,RU,clear sky,2020-11-01 13:53:35
543,Dauriya,49.93,116.87,23.67,85,100,7.27,RU,overcast clouds,2020-11-01 13:53:35
544,Thio,-21.62,166.22,77.0,61,20,8.05,NC,few clouds,2020-11-01 13:53:35
545,Shimoda,34.67,138.95,54.0,91,100,2.33,JP,overcast clouds,2020-11-01 13:53:35
546,Marsabit,2.33,37.99,75.81,50,83,18.54,KE,broken clouds,2020-11-01 13:53:35
547,Sibolga,1.74,98.78,77.61,82,100,2.33,ID,light rain,2020-11-01 13:53:35
548,Sagarejo,41.73,45.33,75.2,23,0,1.12,GE,clear sky,2020-11-01 13:53:36
549,Evanston,42.04,-87.69,37.0,55,75,16.11,US,broken clouds,2020-11-01 13:49:56
550,Kawalu,-7.38,108.21,72.99,90,100,2.3,ID,overcast clouds,2020-11-01 13:53:36
551,Elko,41.0,-115.5,35.01,54,1,5.08,US,clear sky,2020-11-01 13:53:36
552,Santa Isabel Do Rio Negro,-0.41,-65.02,74.88,94,100,3.27,BR,overcast clouds,2020-11-01 13:53:36
553,Gamba,-2.65,10.0,76.19,91,100,6.49,GA,moderate rain,2020-11-01 13:53:36
554,Morros,-9.45,-46.3,81.81,64,94,2.46,BR,overcast clouds,2020-11-01 13:53:36
555,Gelgaudiskis,55.08,22.98,48.18,84,0,7.72,LT,clear sky,2020-11-01 13:53:36
556,Predivinsk,57.07,93.44,33.49,94,100,9.42,RU,overcast clouds,2020-11-01 13:53:36
557,San Borja,-14.82,-66.85,86.52,28,1,8.32,BO,clear sky,2020-11-01 13:53:36
558,Kokopo,-4.35,152.26,78.37,86,76,3.56,PG,broken clouds,2020-11-01 13:53:37
559,Vallenar,-28.57,-70.76,73.04,26,0,5.28,CL,clear sky,2020-11-01 13:53:37
560,Graaff-Reinet,-32.25,24.53,80.01,26,1,7.0,ZA,clear sky,2020-11-01 13:53:37
561,Ciudad Bolivar,8.12,-63.55,86.34,62,67,8.41,VE,broken clouds,2020-11-01 13:53:37
562,Xucheng,20.35,110.13,75.2,83,0,6.71,CN,light rain,2020-11-01 13:53:37
563,Oranjestad,12.52,-70.03,82.4,83,20,9.17,AW,few clouds,2020-11-01 13:49:22
564,Hohhot,40.81,111.65,37.4,27,0,11.18,CN,clear sky,2020-11-01 13:53:37
565,Touros,-5.2,-35.46,84.2,66,75,16.11,BR,broken clouds,2020-11-01 13:53:37
566,Teguldet,57.31,88.17,34.83,88,100,12.48,RU,overcast clouds,2020-11-01 13:53:37
567,Swan Hill,-35.34,143.55,58.23,62,0,5.91,AU,clear sky,2020-11-01 13:51:34
568,Mon,26.75,95.1,67.87,96,43,1.88,IN,light rain,2020-11-01 13:53:38
569,Hokitika,-42.72,170.97,50.9,89,100,2.71,NZ,overcast clouds,2020-11-01 13:53:38
570,Severo-Yeniseyskiy,60.37,93.04,27.36,97,100,13.04,RU,light snow,2020-11-01 13:53:38
571,Teya,60.38,92.63,30.97,95,100,11.92,RU,overcast clouds,2020-11-01 13:53:38
572,Ilo,-17.64,-71.34,65.86,74,68,7.94,PE,broken clouds,2020-11-01 13:53:38
573,Whitefish,48.41,-114.34,28.0,92,1,0.58,US,clear sky,2020-11-01 13:52:09
574,Lethem,3.38,-59.8,88.12,61,93,7.65,GY,overcast clouds,2020-11-01 13:53:38
575,Mount Isa,-20.73,139.5,78.8,14,0,10.29,AU,clear sky,2020-11-01 13:53:38
576,Mosquera,4.71,-74.23,57.2,93,90,3.36,CO,light intensity drizzle,2020-11-01 13:53:04
577,Mezhdurechensk,53.69,88.06,28.42,96,52,2.35,RU,broken clouds,2020-11-01 13:53:38
578,Nizhniy Ingash,56.2,96.53,30.36,98,100,5.86,RU,overcast clouds,2020-11-01 13:53:38
579,Shakawe,-18.37,21.85,101.48,10,4,4.79,BW,clear sky,2020-11-01 13:53:38
580,Carndonagh,55.25,-7.27,51.8,76,75,25.28,IE,shower rain,2020-11-01 13:53:38
581,Roebourne,-20.78,117.13,71.91,78,0,9.86,AU,clear sky,2020-11-01 13:53:39
582,Koumac,-20.57,164.28,75.49,80,5,4.54,NC,clear sky,2020-11-01 13:53:39
583,Muscat,23.61,58.59,82.4,58,0,4.7,OM,clear sky,2020-11-01 13:53:39
584,Forestville,38.85,-76.88,53.01,87,1,10.29,US,light rain,2020-11-01 13:53:39
585,Kuala Terengganu,5.33,103.14,84.2,79,20,9.17,MY,few clouds,2020-11-01 13:53:39
586,Ixtapa,20.7,-105.2,78.01,94,5,4.7,MX,clear sky,2020-11-01 13:53:39
587,Tessalit,20.2,1.01,92.77,11,84,11.77,ML,broken clouds,2020-11-01 13:53:39
588,Cururupu,-1.83,-44.87,89.71,53,97,6.33,BR,overcast clouds,2020-11-01 13:52:12
589,Marsberg,51.46,8.85,60.8,67,75,10.29,DE,broken clouds,2020-11-01 13:53:39
590,Mogadishu,2.04,45.34,82.4,69,75,8.05,SO,broken clouds,2020-11-01 13:53:39
591,Nalut,30.33,10.85,73.72,34,0,5.7,LY,clear sky,2020-11-01 13:53:40
592,Shitanjing,39.23,106.34,38.44,61,0,12.95,CN,clear sky,2020-11-01 13:53:40
593,Inhambane,-23.86,35.38,82.4,54,75,9.17,MZ,broken clouds,2020-11-01 13:53:40
594,Phan Thiet,10.93,108.1,78.06,86,100,9.35,VN,light rain,2020-11-01 13:52:32
595,Gizo,-8.1,156.84,83.17,77,51,5.28,SB,moderate rain,2020-11-01 13:53:40
596,Anchorage,61.22,-149.9,15.8,65,20,7.14,US,few clouds,2020-11-01 13:53:40
597,Sault Sainte Marie,46.52,-84.33,35.6,74,90,25.28,CA,overcast clouds,2020-11-01 13:51:32
598,Oak Ridge,36.01,-84.27,57.0,82,75,3.36,US,broken clouds,2020-11-01 13:50:17
599,Rock Springs,41.59,-109.2,28.4,63,1,5.82,US,clear sky,2020-11-01 13:50:38
600,Santa Maria,-29.68,-53.81,69.35,59,25,8.68,BR,scattered clouds,2020-11-01 13:53:40
601,Galion,40.73,-82.79,48.2,87,90,17.22,US,overcast clouds,2020-11-01 13:53:40
602,Verkhnyaya Inta,65.98,60.31,30.52,98,100,16.46,RU,overcast clouds,2020-11-01 13:53:41
603,Eureka,40.8,-124.16,42.8,100,1,1.86,US,clear sky,2020-11-01 13:52:50
604,Barma,8.35,-11.33,94.06,38,17,2.62,SL,few clouds,2020-11-01 13:53:41
605,Saurimo,-9.66,20.39,89.6,40,75,6.2,AO,broken clouds,2020-11-01 13:53:41
606,Aksay,47.26,39.87,60.8,82,40,13.42,RU,moderate rain,2020-11-01 13:53:41
607,Nemuro,43.32,145.57,55.22,81,100,19.8,JP,overcast clouds,2020-11-01 13:53:41
608,Sabha,27.04,14.43,75.16,34,0,8.97,LY,clear sky,2020-11-01 13:53:41
609,Montlucon,46.33,2.6,68.0,61,100,5.99,FR,overcast clouds,2020-11-01 13:53:41
610,Muriwai Beach,-36.82,174.45,55.99,92,60,1.79,NZ,broken clouds,2020-11-01 13:53:42
611,Imeni Poliny Osipenko,52.42,136.49,33.37,98,100,6.49,RU,light rain,2020-11-01 13:53:42
612,Plettenberg Bay,-34.05,23.37,68.72,71,0,18.16,ZA,clear sky,2020-11-01 13:53:42
613,Shahgarh,24.32,79.13,71.44,27,0,2.57,IN,clear sky,2020-11-01 13:53:42
614,Tazovskiy,67.47,78.7,26.51,99,100,8.14,RU,light snow,2020-11-01 13:53:42
615,Kwakoa,-3.77,37.72,85.46,37,0,15.14,TZ,clear sky,2020-11-01 13:53:42
616,Mitsamiouli,-11.38,43.28,78.62,72,84,4.16,KM,broken clouds,2020-11-01 13:53:42
617,Hatillo,18.49,-66.83,84.99,69,1,9.17,PR,clear sky,2020-11-01 13:53:42
618,Biskupiec,53.86,20.96,48.2,70,0,9.17,PL,clear sky,2020-11-01 13:53:43
619,Senneterre,48.38,-77.23,33.8,94,90,13.87,CA,moderate rain,2020-11-01 13:51:44
620,Lucea,18.45,-78.17,82.99,88,75,4.7,JM,broken clouds,2020-11-01 13:53:43
621,Navirai,-23.07,-54.19,77.72,54,0,4.79,BR,clear sky,2020-11-01 13:53:43
622,Winsum,53.33,6.52,57.2,82,90,16.11,NL,overcast clouds,2020-11-01 13:52:24
623,Berlevag,70.86,29.09,40.84,81,87,22.1,NO,overcast clouds,2020-11-01 13:53:43
624,Dano,11.15,-3.07,97.77,16,0,9.51,BF,clear sky,2020-11-01 13:53:43
625,Kjollefjord,70.95,27.35,39.7,81,96,21.34,NO,overcast clouds,2020-11-01 13:53:43
626,Soroti,1.71,33.61,82.02,55,100,4.16,UG,overcast clouds,2020-11-01 13:53:43
627,Okha,53.57,142.95,41.79,95,100,14.32,RU,overcast clouds,2020-11-01 13:53:43
628,Carauari,-4.88,-66.9,83.07,64,100,2.66,BR,overcast clouds,2020-11-01 13:53:44
629,Obo,5.4,26.49,81.0,77,70,1.21,CF,moderate rain,2020-11-01 13:53:44
630,Verkh-Usugli,52.7,115.17,15.84,85,2,6.29,RU,clear sky,2020-11-01 13:53:44
631,Sume,-7.67,-36.88,89.22,39,0,6.96,BR,clear sky,2020-11-01 13:53:44
632,Gravdal,68.12,13.5,50.0,71,75,17.22,NO,broken clouds,2020-11-01 13:53:44
633,Masallatah,32.62,14.0,69.82,54,5,8.52,LY,clear sky,2020-11-01 13:53:44
634,Karaman,37.08,33.25,58.84,45,66,8.88,TR,broken clouds,2020-11-01 13:53:44
635,Yueyang,29.33,113.09,58.48,82,100,4.47,CN,light rain,2020-11-01 13:53:44
636,Lloydminster,53.28,-110.0,30.2,74,1,11.41,CA,clear sky,2020-11-01 13:53:44
637,Finote Selam,10.7,37.27,67.26,75,84,0.56,ET,light rain,2020-11-01 13:53:45
638,Tall Kayf,37.08,41.07,80.6,12,75,25.28,TR,sand,2020-11-01 13:53:45
639,Iseyin,7.97,3.6,91.78,39,86,4.14,NG,overcast clouds,2020-11-01 13:53:45
640,La Ronge,55.1,-105.28,26.6,79,100,6.93,CA,overcast clouds,2020-11-01 13:53:45
641,Kuusamo,65.97,29.18,35.6,100,90,8.05,FI,overcast clouds,2020-11-01 13:53:45
642,Creel,27.75,-107.63,49.98,47,97,12.44,MX,overcast clouds,2020-11-01 13:53:45
643,Caraballeda,10.61,-66.85,75.99,70,100,7.67,VE,overcast clouds,2020-11-01 13:53:45
644,Ilulissat,69.22,-51.1,19.4,62,100,12.75,GL,overcast clouds,2020-11-01 13:53:45
645,Darhan,49.49,105.92,21.58,76,0,2.28,MN,clear sky,2020-11-01 13:53:45
646,Altay,47.87,88.12,30.15,79,0,2.28,CN,clear sky,2020-11-01 13:53:46
647,Malpe,13.35,74.72,82.4,83,20,1.9,IN,mist,2020-11-01 13:53:46
648,Luanda,-8.84,13.23,80.6,78,75,10.29,AO,broken clouds,2020-11-01 13:51:02
649,Saint Paul,44.94,-93.09,28.4,58,75,17.22,US,broken clouds,2020-11-01 13:52:09
650,Puri,19.8,85.85,84.2,79,75,7.63,IN,haze,2020-11-01 13:53:46
651,Gombong,-7.61,109.51,51.01,10,100,1.21,ID,light rain,2020-11-01 13:50:46
652,Riberalta,-10.98,-66.1,75.2,94,75,6.93,BO,broken clouds,2020-11-01 13:53:46
653,Utrecht,52.0,5.25,60.01,91,100,5.01,NL,overcast clouds,2020-11-01 13:51:07
654,Praia,14.92,-23.51,84.2,54,40,21.92,CV,scattered clouds,2020-11-01 13:53:46
655,Rayagada,19.17,83.42,75.18,76,6,3.69,IN,clear sky,2020-11-01 13:53:47
656,Monopoli,40.96,17.29,69.01,59,40,5.82,IT,scattered clouds,2020-11-01 13:53:47
657,Loandjili,-4.76,11.86,82.4,78,40,13.87,CG,scattered clouds,2020-11-01 13:53:47
658,Derzhavinsk,51.1,66.32,38.32,72,50,7.7,KZ,scattered clouds,2020-11-01 13:53:47
659,Sisimiut,66.94,-53.67,27.3,93,100,5.97,GL,light snow,2020-11-01 13:53:47
660,Toora-Khem,52.47,96.11,23.74,92,60,1.97,RU,broken clouds,2020-11-01 13:53:47
661,Grand Gaube,-20.01,57.66,75.0,53,27,5.99,MU,scattered clouds,2020-11-01 13:53:47
662,Cap Malheureux,-19.98,57.61,75.0,53,32,5.99,MU,scattered clouds,2020-11-01 13:53:47
663,Lufilufi,-13.87,-171.6,75.2,94,40,4.7,WS,scattered clouds,2020-11-01 13:53:47
664,Khandela,27.6,75.5,65.55,23,0,4.0,IN,clear sky,2020-11-01 13:53:47
665,Sayat,38.78,63.88,66.2,22,50,6.93,TM,scattered clouds,2020-11-01 13:53:47
666,Saint Simons,31.14,-81.39,69.8,100,20,6.82,US,few clouds,2020-11-01 13:53:48
667,Jablah,35.36,35.93,80.6,51,40,9.17,SY,scattered clouds,2020-11-01 13:53:48
668,Mendi,-6.18,143.65,56.89,99,100,2.44,PG,light rain,2020-11-01 13:53:48
669,Golden,39.76,-105.22,37.0,69,1,4.7,US,clear sky,2020-11-01 13:49:56
670,Dodge City,37.75,-100.02,33.8,74,1,3.36,US,clear sky,2020-11-01 13:53:39
671,Mweka,-4.85,21.57,82.65,61,97,2.93,CD,light rain,2020-11-01 13:53:48
672,Vila Franca Do Campo,37.72,-25.43,69.8,94,75,12.75,PT,broken clouds,2020-11-01 13:53:48
673,Houma,29.6,-90.72,60.01,93,1,4.7,US,clear sky,2020-11-01 13:51:57
674,Beisfjord,68.38,17.6,48.2,70,75,9.17,NO,broken clouds,2020-11-01 13:53:48
675,Te Anau,-45.42,167.72,42.24,87,95,1.5,NZ,overcast clouds,2020-11-01 13:53:48
676,Coahuayana,18.73,-103.68,73.4,83,75,9.17,MX,mist,2020-11-01 13:53:48
677,Senanga,-16.12,23.27,99.39,11,52,6.85,ZM,broken clouds,2020-11-01 13:53:48
678,Champerico,14.3,-91.92,73.4,94,75,3.87,GT,broken clouds,2020-11-01 13:53:49
679,Elizabeth City,36.29,-76.25,64.99,88,90,8.05,US,overcast clouds,2020-11-01 13:53:49
680,Khasan,42.43,130.64,47.8,51,14,18.03,RU,few clouds,2020-11-01 13:53:49
681,Weligama,5.97,80.42,79.65,80,30,7.49,LK,scattered clouds,2020-11-01 13:53:49
682,Sahuaripa,29.05,-109.23,67.28,34,84,2.89,MX,broken clouds,2020-11-01 13:53:49
683,Maningrida,-12.07,134.27,83.03,71,23,5.95,AU,few clouds,2020-11-01 13:53:49
684,Juneau,58.3,-134.42,46.4,81,90,6.93,US,overcast clouds,2020-11-01 13:53:49
685,Vengerovo,55.68,76.75,39.43,77,100,10.45,RU,overcast clouds,2020-11-01 13:53:49
686,Bolkhov,53.44,36.0,45.93,92,100,12.17,RU,overcast clouds,2020-11-01 13:53:49
687,Kabwe,-14.45,28.45,86.09,26,35,8.16,ZM,scattered clouds,2020-11-01 13:53:50
688,Aktash,50.3,87.73,19.35,82,0,3.65,RU,clear sky,2020-11-01 13:53:50
689,Takab,36.4,47.11,56.98,32,0,8.63,IR,clear sky,2020-11-01 13:53:50
690,Manaus,-3.1,-60.02,77.0,83,75,6.93,BR,broken clouds,2020-11-01 13:50:17
691,Barahona,18.21,-71.1,78.8,88,20,10.36,DO,few clouds,2020-11-01 13:53:50
692,Vuktyl,63.86,57.31,31.21,96,100,7.81,RU,overcast clouds,2020-11-01 13:53:50
693,Adrar,20.5,-10.07,89.13,12,96,13.51,MR,overcast clouds,2020-11-01 13:53:50
694,Boras,57.72,12.94,52.0,87,75,13.87,SE,broken clouds,2020-11-01 13:53:50
695,Iwanai,42.97,140.51,53.22,90,100,6.2,JP,overcast clouds,2020-11-01 13:53:50
